INPUT:id	OUTPUT:image	HINT:text	HINT:default_language	ASSIGNMENT:link	ASSIGNMENT:task_id	ASSIGNMENT:assignment_id	ACCEPT:verdict	ACCEPT:comment
https://storage.googleapis.com/hand-signatures-toloka/signatures/8__lid_1644025059148_1_JPEG_20220204_223714.jpg.jpg	ru.0187d045-7110-4bf1-904c-4f730aae0205			https://toloka.yandex.ru/task/31531273/0001e12109--61fdebbf404d017ba83b07cf	27489662-09e2-4f8f-94b7-75cfd305f24d	0001e12109--61fdebbf404d017ba83b07cf	+	
https://storage.googleapis.com/hand-signatures-toloka/signatures/8__lid_1643975554739_1_JPEG_20220204_125222.jpg.jpg	ru.b3b132ab-1839-4910-953b-1d5ef16047d8			https://toloka.yandex.ru/task/31531273/0001e12109--61fdf16af73c4b173c29b8c6	7026cd16-da12-4909-982e-fda139ffda70	0001e12109--61fdf16af73c4b173c29b8c6	+	
https://storage.googleapis.com/hand-signatures-toloka/signatures/8__lid_1644022634248_1_JPEG_20220205_075630.jpg.jpg	ru.dda0dbcd-9f1e-4a6a-93c4-52a0fa1d7c39			https://toloka.yandex.ru/task/31531273/0001e12109--61fdf522e15bb24f293701f5	d5363e44-cc3b-4fff-9d02-bda22d799e48	0001e12109--61fdf522e15bb24f293701f5	+	
https://storage.googleapis.com/hand-signatures-toloka/signatures/8__lid_1643967077390_1_JPEG_20220204_123105.jpg.jpg	ru.ff30d4ad-4f56-4313-8ab4-623ea2928040			https://toloka.yandex.ru/task/31531273/0001e12109--61fdf81b89f22679fd3ae148	3ba60e50-b327-4c95-861f-4a0b411504d5	0001e12109--61fdf81b89f22679fd3ae148	+	
https://storage.googleapis.com/hand-signatures-toloka/signatures/8__IMG_20220203_194802196_HDR.jpg.jpg	ru.474ed394-afdf-4dc8-81d0-8adab2e2ac38			https://toloka.yandex.ru/task/31531273/0001e12109--61fdfbb64f7fe9518fa4d56f	3c648e5e-b5c0-457c-9393-d121b86b890f	0001e12109--61fdfbb64f7fe9518fa4d56f	+	
https://storage.googleapis.com/hand-signatures-toloka/signatures/8__lid_1643975664292_1_JPEG_20220204_125414.jpg.jpg	ru.09878926-1913-4376-8b0a-fdb04f123017			https://toloka.yandex.ru/task/31531273/0001e12109--61fdfc7442773f78b0aed18f	fea454dd-b2c4-4d2d-b074-23cd2d0209a1	0001e12109--61fdfc7442773f78b0aed18f	+	
https://storage.googleapis.com/hand-signatures-toloka/signatures/8__lid_1644014767025_1_JPEG_20220205_014540.jpg.jpg	ru.56cc90d9-5afa-4992-8156-ccb326c1df0a			https://toloka.yandex.ru/task/31531273/0001e12109--61fdfd698adf482a9716e255	5e1a88e9-d4a6-4234-9ec4-74c945f96cc1	0001e12109--61fdfd698adf482a9716e255	+	
https://storage.googleapis.com/hand-signatures-toloka/signatures/8__lid_1643975554739_1_JPEG_20220204_125222.jpg.jpg	ru.54f2764e-e3f0-45d8-8717-1652dbd92389			https://toloka.yandex.ru/task/31531273/0001e12109--61fdfdb4b9c1857175ecee06	7026cd16-da12-4909-982e-fda139ffda70	0001e12109--61fdfdb4b9c1857175ecee06	+	
https://storage.googleapis.com/hand-signatures-toloka/signatures/8__lid_1643967077390_1_JPEG_20220204_123105.jpg.jpg	ru.5a4af5b2-cc0a-453a-b322-6bb81a0ee674			https://toloka.yandex.ru/task/31531273/0001e12109--61fe02bf30815911afcfa089	3ba60e50-b327-4c95-861f-4a0b411504d5	0001e12109--61fe02bf30815911afcfa089	+	
https://storage.googleapis.com/hand-signatures-toloka/signatures/8__lid_1644022947188_3_JPEG_20220204_220103.jpg.jpg	ru.1dfb1e75-5491-4306-9f91-1c85b52fa576			https://toloka.yandex.ru/task/31531273/0001e12109--61fe0306bfae834024504053	c8e1bdf2-4022-42b4-8523-3cc4fea08868	0001e12109--61fe0306bfae834024504053	+	
https://storage.googleapis.com/hand-signatures-toloka/signatures/8__lid_1643943235130_1_JPEG_20220204_082227.jpg.jpg	ru.63e5ae1f-7a92-4a4d-b1cb-01449dc85c37			https://toloka.yandex.ru/task/31531273/0001e12109--61fe033038988537974046f8	3c56c469-baa5-411f-8e80-48c1fff7c07d	0001e12109--61fe033038988537974046f8	+	
https://storage.googleapis.com/hand-signatures-toloka/signatures/8__lid_1644025059148_1_JPEG_20220204_223714.jpg.jpg	ru.797ad08c-c411-4175-b90e-fb0f9ccfe1bb			https://toloka.yandex.ru/task/31531273/0001e12109--61fe034a2db8902a709dc86a	27489662-09e2-4f8f-94b7-75cfd305f24d	0001e12109--61fe034a2db8902a709dc86a	+	
https://storage.googleapis.com/hand-signatures-toloka/signatures/8__lid_1643975138814_1_JPEG_20220204_124502.jpg.jpg	ru.12c174df-fdb1-43b9-8bf4-af6eccb1fdbe			https://toloka.yandex.ru/task/31531273/0001e12109--61fe0502d46b21329750c275	5f63288e-5751-4112-ae7f-2c6eb936d07b	0001e12109--61fe0502d46b21329750c275	+	
https://storage.googleapis.com/hand-signatures-toloka/signatures/8__lid_1643943852489_1_JPEG_20220204_000355.jpg.jpg	ru.c9c18a9a-b92b-4b32-9298-ef3a0c330a7f			https://toloka.yandex.ru/task/31531273/0001e12109--61fe05d7c3d47a10111f1c3f	ec0bb22b-cee2-4f7b-b7d6-5ce96d5c17f1	0001e12109--61fe05d7c3d47a10111f1c3f	+	
https://storage.googleapis.com/hand-signatures-toloka/signatures/8__lid_1643945216872_1_JPEG_20220204_102640.jpg.jpg	ru.0d2ff4bd-26bc-413d-90e0-0601eed891fa			https://toloka.yandex.ru/task/31531273/0001e12109--61fe07bdd46b21329750dd29	de3cc7da-2ceb-4f43-83bb-5bb5c0469c87	0001e12109--61fe07bdd46b21329750dd29	+	
https://storage.googleapis.com/hand-signatures-toloka/signatures/.ipynb_checkpoints	ru.c94cbda6-786c-47ee-8416-975ef16ebe6b			https://toloka.yandex.ru/task/31531273/0001e12109--61fe0871376abd3976461c03	d553af8e-f42d-425a-bc4e-462ae51f60a5	0001e12109--61fe0871376abd3976461c03	+	
https://storage.googleapis.com/hand-signatures-toloka/signatures/8__lid_1644025059148_1_JPEG_20220204_223714.jpg.jpg	ru.103c582f-6b45-4d32-b77c-447ef80ad89b			https://toloka.yandex.ru/task/31531273/0001e12109--61fe08f6bed6560638f008ba	27489662-09e2-4f8f-94b7-75cfd305f24d	0001e12109--61fe08f6bed6560638f008ba	+	
https://storage.googleapis.com/hand-signatures-toloka/signatures/8__lid_1643967077390_1_JPEG_20220204_123105.jpg.jpg	ru.cbfd2b85-2240-439c-a969-d0139ffdac8e			https://toloka.yandex.ru/task/31531273/0001e12109--61fe095d5777875c16ac0ec8	3ba60e50-b327-4c95-861f-4a0b411504d5	0001e12109--61fe095d5777875c16ac0ec8	+	
https://storage.googleapis.com/hand-signatures-toloka/signatures/8__lid_1643943235130_1_JPEG_20220204_082227.jpg.jpg	ru.53a3b83b-6f16-41db-85cf-ce9ff6921bc1			https://toloka.yandex.ru/task/31531273/0001e12109--61fe0ad06ba4b13c7dd74a9a	3c56c469-baa5-411f-8e80-48c1fff7c07d	0001e12109--61fe0ad06ba4b13c7dd74a9a	+	
https://storage.googleapis.com/hand-signatures-toloka/signatures/8__lid_1644027318855_1_JPEG_20220205_071500.jpg.jpg	ru.cdb7d0bb-98d7-4ac5-8318-7c157bc9ed37			https://toloka.yandex.ru/task/31531273/0001e12109--61fe0bc239c46c14879f1343	ab07409f-4d0a-485d-b11b-c37f6f5d5b5e	0001e12109--61fe0bc239c46c14879f1343	+	
https://storage.googleapis.com/hand-signatures-toloka/signatures/8__lid_1644027158845_1_JPEG_20220205_101216.jpg.jpg	ru.8524f5d7-b543-44c8-9a82-4de220f907cf			https://toloka.yandex.ru/task/31531273/0001e12109--61fe0bf3376abd39764631ae	24af3cd2-46c1-4fbf-886c-a186393b13f0	0001e12109--61fe0bf3376abd39764631ae	+	
https://storage.googleapis.com/hand-signatures-toloka/signatures/8__lid_1643975554739_1_JPEG_20220204_125222.jpg.jpg	ru.55d454ed-53ed-4f07-b815-39634406cdef			https://toloka.yandex.ru/task/31531273/0001e12109--61fe0d3dbed6560638f02c88	7026cd16-da12-4909-982e-fda139ffda70	0001e12109--61fe0d3dbed6560638f02c88	+	
https://storage.googleapis.com/hand-signatures-toloka/signatures/8__lid_1643928930503_1_JPEG_20220204_065441.jpg.jpg	ru.a2bc2996-81d9-4ce1-bdce-29d474ab2d4c			https://toloka.yandex.ru/task/31531273/0001e12109--61fe110fc122c50b34ffe9c2	fb369f73-6525-4492-9d5f-747c93c6f8f2	0001e12109--61fe110fc122c50b34ffe9c2	+	
https://storage.googleapis.com/hand-signatures-toloka/signatures/8__lid_1643943159889_1_JPEG_20220204_105031.jpg.jpg	ru.363afe17-49ac-4fe0-9f89-1ac7b01c2399			https://toloka.yandex.ru/task/31531273/0001e12109--61fe11cdc122c50b34ffef59	eecf5a82-50b9-41f8-9512-771b85d95553	0001e12109--61fe11cdc122c50b34ffef59	+	
https://storage.googleapis.com/hand-signatures-toloka/signatures/8__lid_1643975554739_1_JPEG_20220204_125222.jpg.jpg	ru.25ce7b90-e773-47bf-b5e6-dfefe61c1ebe			https://toloka.yandex.ru/task/31531273/0001e12109--61fe14602932f70fa402b8a0	7026cd16-da12-4909-982e-fda139ffda70	0001e12109--61fe14602932f70fa402b8a0	+	
https://storage.googleapis.com/hand-signatures-toloka/signatures/8__lid_1644022926239_1_JPEG_20220205_090140.jpg.jpg	ru.d6554475-a7fb-47a3-b159-4b0895f1794e			https://toloka.yandex.ru/task/31531273/0001e12109--61fe194764b3112aeae198f1	beb0859a-7192-4d69-9404-c4ed147fcafa	0001e12109--61fe194764b3112aeae198f1	+	
https://storage.googleapis.com/hand-signatures-toloka/signatures/8__lid_1644022926239_1_JPEG_20220205_090140.jpg.jpg	ru.a5af453b-9ff4-48a2-9508-d96e875a0d14			https://toloka.yandex.ru/task/31531273/0001e12109--61fe1df382027b60777566c7	beb0859a-7192-4d69-9404-c4ed147fcafa	0001e12109--61fe1df382027b60777566c7	+	
https://storage.googleapis.com/hand-signatures-toloka/signatures/8__lid_1644013629328_1_JPEG_20220205_012340.jpg.jpg	ru.415e21dd-4eb4-468c-a954-af17937f8a5a			https://toloka.yandex.ru/task/31531273/0001e12109--61fe22dd2932f70fa4035292	981ce97b-9c97-40bc-942e-5859daca6f1b	0001e12109--61fe22dd2932f70fa4035292	+	
https://storage.googleapis.com/hand-signatures-toloka/signatures/8__lid_1643967077390_1_JPEG_20220204_123105.jpg.jpg	ru.40ec0fa5-1c54-4abf-ae4d-579b6eb5d591			https://toloka.yandex.ru/task/31531273/0001e12109--61fe22e13898853797413925	3ba60e50-b327-4c95-861f-4a0b411504d5	0001e12109--61fe22e13898853797413925	+	
https://storage.googleapis.com/hand-signatures-toloka/signatures/8__lid_1644027318855_1_JPEG_20220205_071500.jpg.jpg	ru.4ce934d6-e104-46a2-b20d-06b65195045c			https://toloka.yandex.ru/task/31531273/0001e12109--61fe262e1f64b61be96f1b49	ab07409f-4d0a-485d-b11b-c37f6f5d5b5e	0001e12109--61fe262e1f64b61be96f1b49	+	
https://storage.googleapis.com/hand-signatures-toloka/signatures/8__lid_1643928930503_1_JPEG_20220204_065441.jpg.jpg	ru.6791a1a0-07ec-4c25-be38-13625bd6eefc			https://toloka.yandex.ru/task/31531273/0001e12109--61fe272d480fdb554756520c	fb369f73-6525-4492-9d5f-747c93c6f8f2	0001e12109--61fe272d480fdb554756520c	+	
https://storage.googleapis.com/hand-signatures-toloka/signatures/8__lid_1644013629328_1_JPEG_20220205_012340.jpg.jpg	ru.68a7e0e3-8d7c-4a02-955d-de71cb7b5e93			https://toloka.yandex.ru/task/31531273/0001e12109--61fe28cd30815911afd0b4c5	981ce97b-9c97-40bc-942e-5859daca6f1b	0001e12109--61fe28cd30815911afd0b4c5	+	
https://storage.googleapis.com/hand-signatures-toloka/signatures/.ipynb_checkpoints	ru.a2faca43-d479-4405-8fd5-3bf0427fc672			https://toloka.yandex.ru/task/31531273/0001e12109--61fe2af53898853797419010	d553af8e-f42d-425a-bc4e-462ae51f60a5	0001e12109--61fe2af53898853797419010	+	
https://storage.googleapis.com/hand-signatures-toloka/signatures/8__lid_1644027158845_1_JPEG_20220205_101216.jpg.jpg	ru.056f59a8-0430-4951-8a26-d40cd816195b			https://toloka.yandex.ru/task/31531273/0001e12109--61fe2d6bc122c50b3400eed5	24af3cd2-46c1-4fbf-886c-a186393b13f0	0001e12109--61fe2d6bc122c50b3400eed5	+	
https://storage.googleapis.com/hand-signatures-toloka/signatures/8__lid_1644027318855_1_JPEG_20220205_071500.jpg.jpg	ru.ef91f3ef-789e-4e4b-b1b4-61f8f1bc4a55			https://toloka.yandex.ru/task/31531273/0001e12109--61fe2f22c8459e7293d5e317	ab07409f-4d0a-485d-b11b-c37f6f5d5b5e	0001e12109--61fe2f22c8459e7293d5e317	+	
https://storage.googleapis.com/hand-signatures-toloka/signatures/8__lid_1643943852489_1_JPEG_20220204_000355.jpg.jpg	ru.d5f5c050-670b-45cf-b6a0-276da9df0058			https://toloka.yandex.ru/task/31531273/0001e12109--61fe30745777875c16ad8adf	ec0bb22b-cee2-4f7b-b7d6-5ce96d5c17f1	0001e12109--61fe30745777875c16ad8adf	+	
https://storage.googleapis.com/hand-signatures-toloka/signatures/8__lid_1644025059148_1_JPEG_20220204_223714.jpg.jpg	ru.7a912577-df2c-4267-907e-ddbda0ac46b3			https://toloka.yandex.ru/task/31531273/0001e12109--61fe3324480fdb554756d1cb	27489662-09e2-4f8f-94b7-75cfd305f24d	0001e12109--61fe3324480fdb554756d1cb	+	
https://storage.googleapis.com/hand-signatures-toloka/signatures/8__lid_1643943235130_1_JPEG_20220204_082227.jpg.jpg	ru.171b1d30-255d-4ba8-a9fc-f888b48d6bcb			https://toloka.yandex.ru/task/31531273/0001e12109--61fe35712932f70fa4047342	3c56c469-baa5-411f-8e80-48c1fff7c07d	0001e12109--61fe35712932f70fa4047342	+	
https://storage.googleapis.com/hand-signatures-toloka/signatures/8__lid_1643967077390_1_JPEG_20220204_123105.jpg.jpg	ru.3f8f6ed1-3632-453e-9765-10149f582339			https://toloka.yandex.ru/task/31531273/0001e12109--61fe37cc252931745fdacc95	3ba60e50-b327-4c95-861f-4a0b411504d5	0001e12109--61fe37cc252931745fdacc95	+	
https://storage.googleapis.com/hand-signatures-toloka/signatures/8__lid_1644022926239_1_JPEG_20220205_090140.jpg.jpg	ru.b4c00b10-853f-4f58-90e8-af05980f51a0			https://toloka.yandex.ru/task/31531273/0001e12109--61fe38003898853797421a81	beb0859a-7192-4d69-9404-c4ed147fcafa	0001e12109--61fe38003898853797421a81	+	
https://storage.googleapis.com/hand-signatures-toloka/signatures/8__lid_1643928930503_1_JPEG_20220204_065441.jpg.jpg	ru.7b1a4fe6-32ad-4bb4-87dc-978e118ed532			https://toloka.yandex.ru/task/31531273/0001e12109--61fe3ae3480fdb5547571e82	fb369f73-6525-4492-9d5f-747c93c6f8f2	0001e12109--61fe3ae3480fdb5547571e82	+	
https://storage.googleapis.com/hand-signatures-toloka/signatures/8__lid_1643943852489_1_JPEG_20220204_000355.jpg.jpg	ru.7d62cfbc-ad45-4cdf-b576-24845ac0e988			https://toloka.yandex.ru/task/31531273/0001e12109--61fe3cab404d017ba83d77b6	ec0bb22b-cee2-4f7b-b7d6-5ce96d5c17f1	0001e12109--61fe3cab404d017ba83d77b6	+	
https://storage.googleapis.com/hand-signatures-toloka/signatures/8__lid_1643943235130_1_JPEG_20220204_082227.jpg.jpg	ru.13ac3293-7329-4127-8f21-d703653c4df0			https://toloka.yandex.ru/task/31531273/0001e12109--61fe409abed6560638f253e3	3c56c469-baa5-411f-8e80-48c1fff7c07d	0001e12109--61fe409abed6560638f253e3	+	
https://storage.googleapis.com/hand-signatures-toloka/signatures/8__lid_1644014767025_1_JPEG_20220205_014540.jpg.jpg	ru.b03ae1a1-beb7-4004-b6d3-21b2d60b7d96			https://toloka.yandex.ru/task/31531273/0001e12109--61fe40d5ef53484db65e7e5f	5e1a88e9-d4a6-4234-9ec4-74c945f96cc1	0001e12109--61fe40d5ef53484db65e7e5f	+	
https://storage.googleapis.com/hand-signatures-toloka/signatures/8__lid_1643943852489_1_JPEG_20220204_000355.jpg.jpg	ru.d5579319-59e5-4cc0-be04-0f103a81791a			https://toloka.yandex.ru/task/31531273/0001e12109--61fe414264b3112aeae32f88	ec0bb22b-cee2-4f7b-b7d6-5ce96d5c17f1	0001e12109--61fe414264b3112aeae32f88	+	
https://storage.googleapis.com/hand-signatures-toloka/signatures/8__lid_1644013629328_1_JPEG_20220205_012340.jpg.jpg	ru.f9691460-e3e4-49a1-b339-1bc1aa072bb7			https://toloka.yandex.ru/task/31531273/0001e12109--61fe4215c767ad2b52804ff3	981ce97b-9c97-40bc-942e-5859daca6f1b	0001e12109--61fe4215c767ad2b52804ff3	+	
https://storage.googleapis.com/hand-signatures-toloka/signatures/8__IMG_20220203_194802196_HDR.jpg.jpg	ru.c351f6cf-5436-43e6-acb9-161c0e2d4ccc			https://toloka.yandex.ru/task/31531273/0001e12109--61fe447bdc8694682ecf01d1	3c648e5e-b5c0-457c-9393-d121b86b890f	0001e12109--61fe447bdc8694682ecf01d1	+	
https://storage.googleapis.com/hand-signatures-toloka/signatures/8__lid_1643943235130_1_JPEG_20220204_082227.jpg.jpg	ru.63c2e0d2-a193-4ff7-ad1d-c7af60ede73f			https://toloka.yandex.ru/task/31531273/0001e12109--61fe45f4c5d1034744ac1d94	3c56c469-baa5-411f-8e80-48c1fff7c07d	0001e12109--61fe45f4c5d1034744ac1d94	+	
https://storage.googleapis.com/hand-signatures-toloka/signatures/8__lid_1643943159889_1_JPEG_20220204_105031.jpg.jpg	ru.0a4116ee-3954-41f7-a5ae-4d9edb7f4401			https://toloka.yandex.ru/task/31531273/0001e12109--61fe464142773f78b0b10676	eecf5a82-50b9-41f8-9512-771b85d95553	0001e12109--61fe464142773f78b0b10676	+	
https://storage.googleapis.com/hand-signatures-toloka/signatures/8__lid_1643928930503_1_JPEG_20220204_065441.jpg.jpg	ru.b69c4be6-6bac-4f04-8111-04178f1e7adf			https://toloka.yandex.ru/task/31531273/0001e12109--61fe491228912e390eb17fff	fb369f73-6525-4492-9d5f-747c93c6f8f2	0001e12109--61fe491228912e390eb17fff	+	
https://storage.googleapis.com/hand-signatures-toloka/signatures/8__lid_1643943159889_1_JPEG_20220204_105031.jpg.jpg	ru.29479c2e-5be4-418a-b01d-6865ecfa5072			https://toloka.yandex.ru/task/31531273/0001e12109--61fe49bb79642a4e21058d70	eecf5a82-50b9-41f8-9512-771b85d95553	0001e12109--61fe49bb79642a4e21058d70	+	
https://storage.googleapis.com/hand-signatures-toloka/signatures/8__lid_1643975554739_1_JPEG_20220204_125222.jpg.jpg	ru.b41b77db-1587-4188-a244-b0999710ac36			https://toloka.yandex.ru/task/31531273/0001e12109--61fe49dfc3071b38f1f24fb1	7026cd16-da12-4909-982e-fda139ffda70	0001e12109--61fe49dfc3071b38f1f24fb1	+	
https://storage.googleapis.com/hand-signatures-toloka/signatures/8__lid_1643975664292_1_JPEG_20220204_125414.jpg.jpg	ru.e741d5d9-4e13-4fc4-b3fe-1353a0724cdd			https://toloka.yandex.ru/task/31531273/0001e12109--61fe4b752932f70fa4055e80	fea454dd-b2c4-4d2d-b074-23cd2d0209a1	0001e12109--61fe4b752932f70fa4055e80	+	
https://storage.googleapis.com/hand-signatures-toloka/signatures/8__lid_1644022926239_1_JPEG_20220205_090140.jpg.jpg	ru.c3d6c8a3-3e97-40a5-8eae-6a4476e51ed2			https://toloka.yandex.ru/task/31531273/0001e12109--61fe4d9e2932f70fa405775b	beb0859a-7192-4d69-9404-c4ed147fcafa	0001e12109--61fe4d9e2932f70fa405775b	+	
https://storage.googleapis.com/hand-signatures-toloka/signatures/8__lid_1644022947188_3_JPEG_20220204_220103.jpg.jpg	ru.97058c87-6435-4e95-91e2-3d253ad8efb9			https://toloka.yandex.ru/task/31531273/0001e12109--61fe4dc364b3112aeae3a9fc	c8e1bdf2-4022-42b4-8523-3cc4fea08868	0001e12109--61fe4dc364b3112aeae3a9fc	+	
https://storage.googleapis.com/hand-signatures-toloka/signatures/8__lid_1643943852489_1_JPEG_20220204_000355.jpg.jpg	ru.425f9da0-0005-4fb1-9ec1-88ac47abb291			https://toloka.yandex.ru/task/31531273/0001e12109--61fe4e42d46b213297537ec2	ec0bb22b-cee2-4f7b-b7d6-5ce96d5c17f1	0001e12109--61fe4e42d46b213297537ec2	+	
https://storage.googleapis.com/hand-signatures-toloka/signatures/8__lid_1643975664292_1_JPEG_20220204_125414.jpg.jpg	ru.8b4f08ad-0752-46ad-83a5-04f8be3cb8d0			https://toloka.yandex.ru/task/31531273/0001e12109--61fe5244542c3b43073fb155	fea454dd-b2c4-4d2d-b074-23cd2d0209a1	0001e12109--61fe5244542c3b43073fb155	+	
https://storage.googleapis.com/hand-signatures-toloka/signatures/8__lid_1644027732954_3_JPEG_20220205_075147.jpg.jpg	ru.56a1033f-82e0-434b-99ff-98a8fe517df8			https://toloka.yandex.ru/task/31531273/0001e12109--61fe5531eca73377a5549e51	0f7e7999-9f60-4584-ad98-07b762e4e567	0001e12109--61fe5531eca73377a5549e51	+	
https://storage.googleapis.com/hand-signatures-toloka/signatures/8__lid_1643967077390_1_JPEG_20220204_123105.jpg.jpg	ru.b3766da5-3db8-4bf3-a31f-5a27d4efe701			https://toloka.yandex.ru/task/31531273/0001e12109--61fe55aed46b21329753c717	3ba60e50-b327-4c95-861f-4a0b411504d5	0001e12109--61fe55aed46b21329753c717	+	
https://storage.googleapis.com/hand-signatures-toloka/signatures/8__lid_1644022926239_1_JPEG_20220205_090140.jpg.jpg	ru.867e45fb-ddc7-4d72-b0a0-b154a710cebb			https://toloka.yandex.ru/task/31531273/0001e12109--61fe56cdfa1ea900a570458a	beb0859a-7192-4d69-9404-c4ed147fcafa	0001e12109--61fe56cdfa1ea900a570458a	+	
https://storage.googleapis.com/hand-signatures-toloka/signatures/8__lid_1643945216872_1_JPEG_20220204_102640.jpg.jpg	ru.84a4a7b9-11cb-4143-a1f2-90c440ba139c			https://toloka.yandex.ru/task/31531273/0001e12109--61fe586fc5a74c013b891fca	de3cc7da-2ceb-4f43-83bb-5bb5c0469c87	0001e12109--61fe586fc5a74c013b891fca	+	
https://storage.googleapis.com/hand-signatures-toloka/signatures/8__lid_1643967077390_1_JPEG_20220204_123105.jpg.jpg	ru.630d4980-d5b5-4b0a-a985-525df3697bd9			https://toloka.yandex.ru/task/31531273/0001e12109--61fe5dc8dfa7ee508d02726e	3ba60e50-b327-4c95-861f-4a0b411504d5	0001e12109--61fe5dc8dfa7ee508d02726e	+	
https://storage.googleapis.com/hand-signatures-toloka/signatures/8__lid_1643967077390_1_JPEG_20220204_123105.jpg.jpg	ru.0950de17-485c-452f-855d-9005cb65d9fc			https://toloka.yandex.ru/task/31531273/0001e12109--61fe61a32db8902a70a19018	3ba60e50-b327-4c95-861f-4a0b411504d5	0001e12109--61fe61a32db8902a70a19018	+	
https://storage.googleapis.com/hand-signatures-toloka/signatures/8__lid_1643975138814_1_JPEG_20220204_124502.jpg.jpg	ru.4444bcef-3516-4bc1-8075-4c5301caf3eb			https://toloka.yandex.ru/task/31531273/0001e12109--61fe63b2e15bb24f293b0faa	5f63288e-5751-4112-ae7f-2c6eb936d07b	0001e12109--61fe63b2e15bb24f293b0faa	+	
https://storage.googleapis.com/hand-signatures-toloka/signatures/8__lid_1643943852489_1_JPEG_20220204_000355.jpg.jpg	ru.56cf938c-0259-407d-8440-b2a99d146ce2			https://toloka.yandex.ru/task/31531273/0001e12109--61fe6735c3071b38f1f34634	ec0bb22b-cee2-4f7b-b7d6-5ce96d5c17f1	0001e12109--61fe6735c3071b38f1f34634	+	
https://storage.googleapis.com/hand-signatures-toloka/signatures/8__lid_1643943235130_1_JPEG_20220204_082227.jpg.jpg	ru.ee0d7273-1cee-4c5b-a66e-3e5d8e16bb7f			https://toloka.yandex.ru/task/31531273/0001e12109--61fe69556ba4b13c7dda923c	3c56c469-baa5-411f-8e80-48c1fff7c07d	0001e12109--61fe69556ba4b13c7dda923c	+	
https://storage.googleapis.com/hand-signatures-toloka/signatures/8__lid_1643945216872_1_JPEG_20220204_102640.jpg.jpg	ru.ca372ba1-a019-4de5-bbe9-9102cf0a030c			https://toloka.yandex.ru/task/31531273/0001e12109--61fe6981c8459e7293d7e32f	de3cc7da-2ceb-4f43-83bb-5bb5c0469c87	0001e12109--61fe6981c8459e7293d7e32f	+	
https://storage.googleapis.com/hand-signatures-toloka/signatures/8__lid_1644027158845_1_JPEG_20220205_101216.jpg.jpg	ru.6e81ed93-5c63-40e2-b348-86a5447ab165			https://toloka.yandex.ru/task/31531273/0001e12109--61fe6c2ec3d47a101122b904	24af3cd2-46c1-4fbf-886c-a186393b13f0	0001e12109--61fe6c2ec3d47a101122b904	+	
https://storage.googleapis.com/hand-signatures-toloka/signatures/8__lid_1643975554739_1_JPEG_20220204_125222.jpg.jpg	ru.746c7b1f-c378-4721-a1f6-e268d9f0064b			https://toloka.yandex.ru/task/31531273/0001e12109--61fe6c966e0afe0583b57b0b	7026cd16-da12-4909-982e-fda139ffda70	0001e12109--61fe6c966e0afe0583b57b0b	+	
https://storage.googleapis.com/hand-signatures-toloka/signatures/8__lid_1643943852489_1_JPEG_20220204_000355.jpg.jpg	ru.00c86a31-a244-4206-820f-4b6bda0ada10			https://toloka.yandex.ru/task/31531273/0001e12109--61fe6ccc42773f78b0b23e84	ec0bb22b-cee2-4f7b-b7d6-5ce96d5c17f1	0001e12109--61fe6ccc42773f78b0b23e84	+	
https://storage.googleapis.com/hand-signatures-toloka/signatures/8__lid_1643975554739_1_JPEG_20220204_125222.jpg.jpg	ru.df77d977-8dbd-4cb1-bb9b-8e395d90245c			https://toloka.yandex.ru/task/31531273/0001e12109--61fe721a87ae35737fb763cf	7026cd16-da12-4909-982e-fda139ffda70	0001e12109--61fe721a87ae35737fb763cf	+	
https://storage.googleapis.com/hand-signatures-toloka/signatures/8__lid_1643943235130_1_JPEG_20220204_082227.jpg.jpg	ru.e50dba22-1098-4b12-9624-22af3721b8d1			https://toloka.yandex.ru/task/31531273/0001e12109--61fe7479f73c4b173c2e3a5a	3c56c469-baa5-411f-8e80-48c1fff7c07d	0001e12109--61fe7479f73c4b173c2e3a5a	+	
https://storage.googleapis.com/hand-signatures-toloka/signatures/8__lid_1644022926239_1_JPEG_20220205_090140.jpg.jpg	ru.40273d54-087b-4b49-ae2a-36dfa4c409db			https://toloka.yandex.ru/task/31531273/0001e12109--61fe74a6ebdc2757259c52d0	beb0859a-7192-4d69-9404-c4ed147fcafa	0001e12109--61fe74a6ebdc2757259c52d0	+	
https://storage.googleapis.com/hand-signatures-toloka/signatures/8__lid_1643943235130_1_JPEG_20220204_082227.jpg.jpg	ru.fd0734a4-4323-4aed-83a6-e88f0d52f6e5			https://toloka.yandex.ru/task/31531273/0001e12109--61fe756d252931745fdcd727	3c56c469-baa5-411f-8e80-48c1fff7c07d	0001e12109--61fe756d252931745fdcd727	+	
https://storage.googleapis.com/hand-signatures-toloka/signatures/8__lid_1643967077390_1_JPEG_20220204_123105.jpg.jpg	ru.c48ee186-b592-404d-b391-07ae09b80fce			https://toloka.yandex.ru/task/31531273/0001e12109--61fe76f6c5d1034744adb87c	3ba60e50-b327-4c95-861f-4a0b411504d5	0001e12109--61fe76f6c5d1034744adb87c	+	
https://storage.googleapis.com/hand-signatures-toloka/signatures/8__IMG_20220203_194802196_HDR.jpg.jpg	ru.4a40a5b0-da01-4dd5-9b32-edef9926e11a			https://toloka.yandex.ru/task/31531273/0001e12109--61fe77df3898853797446e9f	3c648e5e-b5c0-457c-9393-d121b86b890f	0001e12109--61fe77df3898853797446e9f	+	
https://storage.googleapis.com/hand-signatures-toloka/signatures/8__lid_1644013629328_1_JPEG_20220205_012340.jpg.jpg	ru.c4479f4b-764f-4b1e-a414-5241e7dd9540			https://toloka.yandex.ru/task/31531273/0001e12109--61fe78182db8902a70a26677	981ce97b-9c97-40bc-942e-5859daca6f1b	0001e12109--61fe78182db8902a70a26677	+	
https://storage.googleapis.com/hand-signatures-toloka/signatures/8__lid_1643967077390_1_JPEG_20220204_123105.jpg.jpg	ru.80ee1a14-b388-48cd-9254-213f1d8649ef			https://toloka.yandex.ru/task/31531273/0001e12109--61fe783abed6560638f4c811	3ba60e50-b327-4c95-861f-4a0b411504d5	0001e12109--61fe783abed6560638f4c811	+	
https://storage.googleapis.com/hand-signatures-toloka/signatures/8__lid_1644025059148_1_JPEG_20220204_223714.jpg.jpg	ru.4bc1ce91-7673-4c8f-b769-579a9f9be0f2			https://toloka.yandex.ru/task/31531273/0001e12109--61fe79165ad6013334d1ccd1	27489662-09e2-4f8f-94b7-75cfd305f24d	0001e12109--61fe79165ad6013334d1ccd1	+	
https://storage.googleapis.com/hand-signatures-toloka/signatures/8__IMG_20220203_194802196_HDR.jpg.jpg	ru.eba4f3fb-379f-4efd-89fb-4956e9e6666b			https://toloka.yandex.ru/task/31531273/0001e12109--61fe7b56029ecf1bf3afb1e0	3c648e5e-b5c0-457c-9393-d121b86b890f	0001e12109--61fe7b56029ecf1bf3afb1e0	+	
https://storage.googleapis.com/hand-signatures-toloka/signatures/8__IMG_20220203_194802196_HDR.jpg.jpg	ru.81f211c5-cb16-4d53-b1ea-64eeb3bb7d78			https://toloka.yandex.ru/task/31531273/0001e12109--61fe7d5428912e390eb35ddd	3c648e5e-b5c0-457c-9393-d121b86b890f	0001e12109--61fe7d5428912e390eb35ddd	+	
https://storage.googleapis.com/hand-signatures-toloka/signatures/8__lid_1644025059148_1_JPEG_20220204_223714.jpg.jpg	ru.5d2e0994-525b-4218-aaf5-1681fa9a0fb9			https://toloka.yandex.ru/task/31531273/0001e12109--61fe7eb9f73c4b173c2e93dd	27489662-09e2-4f8f-94b7-75cfd305f24d	0001e12109--61fe7eb9f73c4b173c2e93dd	+	
https://storage.googleapis.com/hand-signatures-toloka/signatures/8__lid_1644014767025_1_JPEG_20220205_014540.jpg.jpg	ru.8088d684-04b0-4092-a2eb-551ac7312aa1			https://toloka.yandex.ru/task/31531273/0001e12109--61fe7f47ef53484db6612433	5e1a88e9-d4a6-4234-9ec4-74c945f96cc1	0001e12109--61fe7f47ef53484db6612433	+	
https://storage.googleapis.com/hand-signatures-toloka/signatures/8__lid_1643928930503_1_JPEG_20220204_065441.jpg.jpg	ru.0f62c6f9-4f50-4de2-b6c4-68187ca30026			https://toloka.yandex.ru/task/31531273/0001e12109--61fe82bddfa7ee508d03acd6	fb369f73-6525-4492-9d5f-747c93c6f8f2	0001e12109--61fe82bddfa7ee508d03acd6	+	
https://storage.googleapis.com/hand-signatures-toloka/signatures/8__lid_1644027318855_1_JPEG_20220205_071500.jpg.jpg	ru.598ce0b2-0dd2-4644-8f54-aa955639d4bd			https://toloka.yandex.ru/task/31531273/0001e12109--61fe878428912e390eb3bdfe	ab07409f-4d0a-485d-b11b-c37f6f5d5b5e	0001e12109--61fe878428912e390eb3bdfe	+	
https://storage.googleapis.com/hand-signatures-toloka/signatures/8__lid_1644025059148_1_JPEG_20220204_223714.jpg.jpg	ru.b95097fc-7884-4deb-be35-6ae51d831d80			https://toloka.yandex.ru/task/31531273/0001e12109--61fe8898c5d1034744ae4d38	27489662-09e2-4f8f-94b7-75cfd305f24d	0001e12109--61fe8898c5d1034744ae4d38	+	
https://storage.googleapis.com/hand-signatures-toloka/signatures/8__lid_1644013629328_1_JPEG_20220205_012340.jpg.jpg	ru.3146ddc1-998f-4f27-98bf-54fda7e4de92			https://toloka.yandex.ru/task/31531273/0001e12109--61fe8972c3d47a101123e5bd	981ce97b-9c97-40bc-942e-5859daca6f1b	0001e12109--61fe8972c3d47a101123e5bd	+	
https://storage.googleapis.com/hand-signatures-toloka/signatures/8__lid_1643975664292_1_JPEG_20220204_125414.jpg.jpg	ru.78f44385-9030-433c-8a3a-3b0e416b4d5a			https://toloka.yandex.ru/task/31531273/0001e12109--61fe8c61d3ddfc5d49931c45	fea454dd-b2c4-4d2d-b074-23cd2d0209a1	0001e12109--61fe8c61d3ddfc5d49931c45	+	
https://storage.googleapis.com/hand-signatures-toloka/signatures/8__lid_1644022947188_3_JPEG_20220204_220103.jpg.jpg	ru.2fdb461e-9b02-4e09-9099-8676d844b9de			https://toloka.yandex.ru/task/31531273/0001e12109--61fe8d0389f991187af5575a	c8e1bdf2-4022-42b4-8523-3cc4fea08868	0001e12109--61fe8d0389f991187af5575a	+	
https://storage.googleapis.com/hand-signatures-toloka/signatures/8__lid_1644029299461_1_JPEG_20220205_094748.jpg.jpg	ru.0a082748-b8ae-433d-8914-79606777a552			https://toloka.yandex.ru/task/31531273/0001e12109--61fe902d42773f78b0b3603e	fdc44b70-453c-4bba-8a76-e1ecccd4819c	0001e12109--61fe902d42773f78b0b3603e	+	
https://storage.googleapis.com/hand-signatures-toloka/signatures/8__lid_1644022947188_3_JPEG_20220204_220103.jpg.jpg	ru.36287dee-50f4-4fba-9de7-5c8c325f6da8			https://toloka.yandex.ru/task/31531273/0001e12109--61fe913ec5a74c013b8b0649	c8e1bdf2-4022-42b4-8523-3cc4fea08868	0001e12109--61fe913ec5a74c013b8b0649	+	
https://storage.googleapis.com/hand-signatures-toloka/signatures/8__lid_1643945216872_1_JPEG_20220204_102640.jpg.jpg	ru.737f86ab-806c-4cb6-916c-58ada1b49999			https://toloka.yandex.ru/task/31531273/0001e12109--61fe91eb82027b60777a6f31	de3cc7da-2ceb-4f43-83bb-5bb5c0469c87	0001e12109--61fe91eb82027b60777a6f31	+	
https://storage.googleapis.com/hand-signatures-toloka/signatures/8__lid_1643975664292_1_JPEG_20220204_125414.jpg.jpg	ru.29798036-adde-40ea-ad5e-22a8cda82387			https://toloka.yandex.ru/task/31531273/0001e12109--61fe92781f64b61be972e7af	fea454dd-b2c4-4d2d-b074-23cd2d0209a1	0001e12109--61fe92781f64b61be972e7af	+	
https://storage.googleapis.com/hand-signatures-toloka/signatures/8__lid_1644025059148_1_JPEG_20220204_223714.jpg.jpg	ru.e5eb31d8-201b-4408-b00c-76991fa8bc81			https://toloka.yandex.ru/task/31531273/0001e12109--61fe92bdfa1ea900a5726ca4	27489662-09e2-4f8f-94b7-75cfd305f24d	0001e12109--61fe92bdfa1ea900a5726ca4	+	
https://storage.googleapis.com/hand-signatures-toloka/signatures/8__lid_1644022947188_3_JPEG_20220204_220103.jpg.jpg	ru.1021b6eb-8289-4afa-97d8-a98996121745			https://toloka.yandex.ru/task/31531273/0001e12109--61fe97414f7fe9518fa9ba96	c8e1bdf2-4022-42b4-8523-3cc4fea08868	0001e12109--61fe97414f7fe9518fa9ba96	+	
https://storage.googleapis.com/hand-signatures-toloka/signatures/8__lid_1643928930503_1_JPEG_20220204_065441.jpg.jpg	ru.7d7a53df-9148-4b75-895f-1fdb04d4d0d7			https://toloka.yandex.ru/task/31531273/0001e12109--61fe979f4f7fe9518fa9bd3a	fb369f73-6525-4492-9d5f-747c93c6f8f2	0001e12109--61fe979f4f7fe9518fa9bd3a	+	
https://storage.googleapis.com/hand-signatures-toloka/signatures/8__lid_1644022947188_3_JPEG_20220204_220103.jpg.jpg	ru.7e099e67-3e1b-4b0c-9762-ad37d3c62315			https://toloka.yandex.ru/task/31531273/0001e12109--61fe9b14376abd39764acda9	c8e1bdf2-4022-42b4-8523-3cc4fea08868	0001e12109--61fe9b14376abd39764acda9	+	
https://storage.googleapis.com/hand-signatures-toloka/signatures/8__lid_1643945216872_1_JPEG_20220204_102640.jpg.jpg	ru.5419e3bd-cb3b-402a-8fe9-cc4e1fe6efbf			https://toloka.yandex.ru/task/31531273/0001e12109--61fe9bb15ca55d0d8b59d92d	de3cc7da-2ceb-4f43-83bb-5bb5c0469c87	0001e12109--61fe9bb15ca55d0d8b59d92d	+	
https://storage.googleapis.com/hand-signatures-toloka/signatures/8__IMG_20220203_194802196_HDR.jpg.jpg	ru.8d61a342-db59-4f3e-a6a7-f5a70e0dee2d			https://toloka.yandex.ru/task/31531273/0001e12109--61fea0f342773f78b0b3e05d	3c648e5e-b5c0-457c-9393-d121b86b890f	0001e12109--61fea0f342773f78b0b3e05d	+	
https://storage.googleapis.com/hand-signatures-toloka/signatures/8__IMG_20220203_194802196_HDR.jpg.jpg	ru.ac97f010-a6e8-47a4-af51-f8a0d27adf83			https://toloka.yandex.ru/task/31531273/0001e12109--61fea26b5ad6013334d32d02	3c648e5e-b5c0-457c-9393-d121b86b890f	0001e12109--61fea26b5ad6013334d32d02	+	
https://storage.googleapis.com/hand-signatures-toloka/signatures/8__lid_1644022926239_1_JPEG_20220205_090140.jpg.jpg	ru.1026e852-215f-4190-9d99-d7209f67d535			https://toloka.yandex.ru/task/31531273/0001e12109--61fea3b4480fdb55475ac926	beb0859a-7192-4d69-9404-c4ed147fcafa	0001e12109--61fea3b4480fdb55475ac926	+	
https://storage.googleapis.com/hand-signatures-toloka/signatures/8__lid_1644027158845_1_JPEG_20220205_101216.jpg.jpg	ru.2860d1c1-a7b1-4972-a903-9f328ba434fb			https://toloka.yandex.ru/task/31531273/0001e12109--61fea41d5ad6013334d33b1b	24af3cd2-46c1-4fbf-886c-a186393b13f0	0001e12109--61fea41d5ad6013334d33b1b	+	
https://storage.googleapis.com/hand-signatures-toloka/signatures/8__lid_1644025059148_1_JPEG_20220204_223714.jpg.jpg	ru.be18dd8b-340c-4cf4-a461-da37eaaf0417			https://toloka.yandex.ru/task/31531273/0001e12109--61fea7fd64b3112aeae6d081	27489662-09e2-4f8f-94b7-75cfd305f24d	0001e12109--61fea7fd64b3112aeae6d081	+	
https://storage.googleapis.com/hand-signatures-toloka/signatures/8__lid_1643943235130_1_JPEG_20220204_082227.jpg.jpg	ru.a8b60062-c15f-490a-9a29-d126d05049bf			https://toloka.yandex.ru/task/31531273/0001e12109--61fea89f853b8a6f6a1c2991	3c56c469-baa5-411f-8e80-48c1fff7c07d	0001e12109--61fea89f853b8a6f6a1c2991	+	
https://storage.googleapis.com/hand-signatures-toloka/signatures/8__lid_1644027732954_3_JPEG_20220205_075147.jpg.jpg	ru.7ff4de89-fd07-4389-bf79-825b14c4907f			https://toloka.yandex.ru/task/31531273/0001e12109--61fea9605ad6013334d365ef	0f7e7999-9f60-4584-ad98-07b762e4e567	0001e12109--61fea9605ad6013334d365ef	+	
https://storage.googleapis.com/hand-signatures-toloka/signatures/8__lid_1644022947188_3_JPEG_20220204_220103.jpg.jpg	ru.23f8f714-ba34-4655-9ff1-7ed3c1ac5e3b			https://toloka.yandex.ru/task/31531273/0001e12109--61fea9f11f64b61be973a152	c8e1bdf2-4022-42b4-8523-3cc4fea08868	0001e12109--61fea9f11f64b61be973a152	+	
https://storage.googleapis.com/hand-signatures-toloka/signatures/8__lid_1643967077390_1_JPEG_20220204_123105.jpg.jpg	ru.057a261e-4b93-4592-a79c-16af7ce6062b			https://toloka.yandex.ru/task/31531273/0001e12109--61fec21ac122c50b340616af	3ba60e50-b327-4c95-861f-4a0b411504d5	0001e12109--61fec21ac122c50b340616af	+	
https://storage.googleapis.com/hand-signatures-toloka/signatures/8__lid_1643943235130_1_JPEG_20220204_082227.jpg.jpg	ru.ca9e76ea-db9e-4d89-a1e5-1d7a593872a0			https://toloka.yandex.ru/task/31531273/0001e12109--61fec281376abd39764bf345	3c56c469-baa5-411f-8e80-48c1fff7c07d	0001e12109--61fec281376abd39764bf345	+	
https://storage.googleapis.com/hand-signatures-toloka/signatures/8__lid_1643967077390_1_JPEG_20220204_123105.jpg.jpg	ru.553917ec-f004-4def-9201-82e8ec98f0bd			https://toloka.yandex.ru/task/31531273/0001e12109--61fec5e0542c3b4307435c26	3ba60e50-b327-4c95-861f-4a0b411504d5	0001e12109--61fec5e0542c3b4307435c26	+	
https://storage.googleapis.com/hand-signatures-toloka/signatures/8__lid_1643975554739_1_JPEG_20220204_125222.jpg.jpg	ru.9628bf2c-53e8-482e-b51a-587f63bb3ff5			https://toloka.yandex.ru/task/31531273/0001e12109--61fec7662932f70fa40b43cd	7026cd16-da12-4909-982e-fda139ffda70	0001e12109--61fec7662932f70fa40b43cd	+	
https://storage.googleapis.com/hand-signatures-toloka/signatures/8__lid_1644014767025_1_JPEG_20220205_014540.jpg.jpg	ru.a51dc09a-8dd0-411b-86f2-c9521e68813f			https://toloka.yandex.ru/task/31531273/0001e12109--61fed12fbfae834024572e83	5e1a88e9-d4a6-4234-9ec4-74c945f96cc1	0001e12109--61fed12fbfae834024572e83	+	
https://storage.googleapis.com/hand-signatures-toloka/signatures/8__lid_1643943852489_1_JPEG_20220204_000355.jpg.jpg	ru.1d9b113b-d81d-4b02-9c1b-9de61c3e7a22			https://toloka.yandex.ru/task/31531273/0001e12109--61fedc5dd46b213297585f66	ec0bb22b-cee2-4f7b-b7d6-5ce96d5c17f1	0001e12109--61fedc5dd46b213297585f66	+	
https://storage.googleapis.com/hand-signatures-toloka/signatures/8__lid_1644065325159_1_JPEG_20220205_181642.jpg.jpg	ru.4b3d3fdc-89e1-45ce-b492-29511e49893c			https://toloka.yandex.ru/task/31531273/0001e12109--61feef0d30815911afd77d8f	50469343-1c8a-4a37-b9e8-eef51fb15cbc	0001e12109--61feef0d30815911afd77d8f	+	
https://storage.googleapis.com/hand-signatures-toloka/signatures/8__lid_1644084752644_2_JPEG_20220205_211013.jpg.jpg	ru.a63fc9b2-3707-4773-b451-71106b21cbb8			https://toloka.yandex.ru/task/31531273/0001e12109--61fef0c0cac5e45f8115bd19	563ad035-ab24-40f9-9c8c-dfb8c030c91b	0001e12109--61fef0c0cac5e45f8115bd19	+	
https://storage.googleapis.com/hand-signatures-toloka/signatures/8__lid_1643943235130_1_JPEG_20220204_082227.jpg.jpg	ru.9e1cfae1-640e-462f-bc1f-7b2c9cb916d8			https://toloka.yandex.ru/task/31531273/0001e12109--61fef13664b3112aeae8ee32	3c56c469-baa5-411f-8e80-48c1fff7c07d	0001e12109--61fef13664b3112aeae8ee32	+	
https://storage.googleapis.com/hand-signatures-toloka/signatures/8__lid_1643943852489_1_JPEG_20220204_000355.jpg.jpg	ru.f4c99bde-8d77-4b51-a3c4-518d4954756d			https://toloka.yandex.ru/task/31531273/0001e12109--61fef4218adf482a971ee3ee	ec0bb22b-cee2-4f7b-b7d6-5ce96d5c17f1	0001e12109--61fef4218adf482a971ee3ee	+	
https://storage.googleapis.com/hand-signatures-toloka/signatures/8__lid_1643943852489_1_JPEG_20220204_000355.jpg.jpg	ru.df65014c-75f4-4ed7-ab7f-d1b3784a215e			https://toloka.yandex.ru/task/31531273/0001e12109--61fefaca6c3c991ae8daf4e7	ec0bb22b-cee2-4f7b-b7d6-5ce96d5c17f1	0001e12109--61fefaca6c3c991ae8daf4e7	+	
https://storage.googleapis.com/hand-signatures-toloka/signatures/8__lid_1643928930503_1_JPEG_20220204_065441.jpg.jpg	ru.cf8959df-9069-4e2c-bf9c-69db11372f14			https://toloka.yandex.ru/task/31531273/0001e12109--61fefe95dfa7ee508d06cd8f	fb369f73-6525-4492-9d5f-747c93c6f8f2	0001e12109--61fefe95dfa7ee508d06cd8f	+	
https://storage.googleapis.com/hand-signatures-toloka/signatures/8__JPEG_20220205_103926.jpg.jpg	ru.0cc618c5-1a1b-4370-86e7-470cce54e2e5			https://toloka.yandex.ru/task/31531273/0001e12109--61ff0167c5d1034744b15d54	81ba1658-969c-480b-a313-acf12cad1805	0001e12109--61ff0167c5d1034744b15d54	+	
https://storage.googleapis.com/hand-signatures-toloka/signatures/8__lid_1643943852489_1_JPEG_20220204_000355.jpg.jpg	ru.6f84ff90-3221-45d4-ac68-0e67f32326e6			https://toloka.yandex.ru/task/31531273/0001e12109--61ff1f71c5a74c013b8e1591	ec0bb22b-cee2-4f7b-b7d6-5ce96d5c17f1	0001e12109--61ff1f71c5a74c013b8e1591	+	
https://storage.googleapis.com/hand-signatures-toloka/signatures/8__lid_1643975554739_1_JPEG_20220204_125222.jpg.jpg	ru.cf1f3868-90ff-4973-b82b-cadc836f27cc			https://toloka.yandex.ru/task/31531273/0001e12109--61ff2b3387ae35737fbcd9b5	7026cd16-da12-4909-982e-fda139ffda70	0001e12109--61ff2b3387ae35737fbcd9b5	+	
https://storage.googleapis.com/hand-signatures-toloka/signatures/8__lid_1643943235130_1_JPEG_20220204_082227.jpg.jpg	ru.5a99d56b-896c-4b8f-9d53-49cddb9bdab9			https://toloka.yandex.ru/task/31531273/0001e12109--61ff30086475905690648e9e	3c56c469-baa5-411f-8e80-48c1fff7c07d	0001e12109--61ff30086475905690648e9e	+	
https://storage.googleapis.com/hand-signatures-toloka/signatures/8__lid_1643975138814_1_JPEG_20220204_124502.jpg.jpg	ru.d1c664d6-431d-4985-9e21-5989b1b7df4b			https://toloka.yandex.ru/task/31531273/0001e12109--61ff34f8f73c4b173c32986d	5f63288e-5751-4112-ae7f-2c6eb936d07b	0001e12109--61ff34f8f73c4b173c32986d	+	
https://storage.googleapis.com/hand-signatures-toloka/signatures/8__lid_1644064461929_1_JPEG_20220205_203411.jpg.jpg	ru.a8a6b077-4417-4306-9c0e-04726db9ed0d			https://toloka.yandex.ru/task/31531273/0001e12109--61ff3b6379642a4e210b2a4e	86369372-faa1-4623-b75b-2e190c29cd72	0001e12109--61ff3b6379642a4e210b2a4e	+	
https://storage.googleapis.com/hand-signatures-toloka/signatures/8__lid_1644056868832_3_JPEG_20220205_155732.jpg.jpg	ru.8016a3a3-430e-4211-aeed-b189156cdf16			https://toloka.yandex.ru/task/31531273/0001e12109--61ff3c00bb70d4065ba5e6d1	bef2ec24-4897-403e-8269-df59943f2788	0001e12109--61ff3c00bb70d4065ba5e6d1	+	
https://storage.googleapis.com/hand-signatures-toloka/signatures/8__lid_1644065325159_1_JPEG_20220205_181642.jpg.jpg	ru.1a932bd0-a451-4575-a8a7-03468e47723d			https://toloka.yandex.ru/task/31531273/0001e12109--61ff3d175777875c16b5af3f	50469343-1c8a-4a37-b9e8-eef51fb15cbc	0001e12109--61ff3d175777875c16b5af3f	+	
https://storage.googleapis.com/hand-signatures-toloka/signatures/8__lid_1644022947188_3_JPEG_20220204_220103.jpg.jpg	ru.2204a91c-668b-4c32-8839-416db061b275			https://toloka.yandex.ru/task/31531273/0001e12109--61ff4366e15bb24f29407e17	c8e1bdf2-4022-42b4-8523-3cc4fea08868	0001e12109--61ff4366e15bb24f29407e17	+	
https://storage.googleapis.com/hand-signatures-toloka/signatures/8__JPEG_20220205_103926.jpg.jpg	ru.d579b872-9497-4e19-83a7-c32baa681bf8			https://toloka.yandex.ru/task/31531273/0001e12109--61ff43bf7d96e92de5092c12	81ba1658-969c-480b-a313-acf12cad1805	0001e12109--61ff43bf7d96e92de5092c12	+	
https://storage.googleapis.com/hand-signatures-toloka/signatures/8__lid_1644029299461_1_JPEG_20220205_094748.jpg.jpg	ru.d0ced5f8-6ca7-4c7f-b9ca-1f7e19bfd2ff			https://toloka.yandex.ru/task/31531273/0001e12109--61ff4482c5d1034744b21c75	fdc44b70-453c-4bba-8a76-e1ecccd4819c	0001e12109--61ff4482c5d1034744b21c75	+	
https://storage.googleapis.com/hand-signatures-toloka/signatures/8__lid_1644031712016_1_JPEG_20220205_102807.jpg.jpg	ru.7615aaeb-204c-4ed4-aef9-4d16b275a97e			https://toloka.yandex.ru/task/31531273/0001e12109--61ff49ab5ad6013334d6a356	18be853b-3e14-4d30-bee3-0dd993230e7f	0001e12109--61ff49ab5ad6013334d6a356	+	
https://storage.googleapis.com/hand-signatures-toloka/signatures/8__lid_1644084752644_2_JPEG_20220205_211013.jpg.jpg	ru.25931072-d63e-443f-9a85-e2027707ae97			https://toloka.yandex.ru/task/31531273/0001e12109--61ff531fc5a74c013b8ea583	563ad035-ab24-40f9-9c8c-dfb8c030c91b	0001e12109--61ff531fc5a74c013b8ea583	+	
https://storage.googleapis.com/hand-signatures-toloka/signatures/8__lid_1643975554739_1_JPEG_20220204_125222.jpg.jpg	ru.c0e51448-f661-4b61-84dc-44887a0ac130			https://toloka.yandex.ru/task/31531273/0001e12109--61ff5369c5a74c013b8ea6a4	7026cd16-da12-4909-982e-fda139ffda70	0001e12109--61ff5369c5a74c013b8ea6a4	+	
https://storage.googleapis.com/hand-signatures-toloka/signatures/8__lid_1644064461929_1_JPEG_20220205_203411.jpg.jpg	ru.bd313170-1160-4d4e-b220-e88eb05b3fcd			https://toloka.yandex.ru/task/31531273/0001e12109--61ff5653d46b2132975a4e1a	86369372-faa1-4623-b75b-2e190c29cd72	0001e12109--61ff5653d46b2132975a4e1a	+	
https://storage.googleapis.com/hand-signatures-toloka/signatures/8__lid_1644036268360_1_JPEG_20220205_094416.jpg.jpg	ru.61c515ab-b808-4bb8-8f01-9149b42a6b29			https://toloka.yandex.ru/task/31531273/0001e12109--61ff56b5dc8694682ed6f789	04df34d2-4da8-4f0b-a8b4-0fd1b0c46f5c	0001e12109--61ff56b5dc8694682ed6f789	+	
https://storage.googleapis.com/hand-signatures-toloka/signatures/8__lid_1644064461929_1_JPEG_20220205_203411.jpg.jpg	ru.96ef9122-f100-4a81-8b7c-12fd27acb8b2			https://toloka.yandex.ru/task/31531273/0001e12109--61ff56c4e15bb24f2940ccc2	86369372-faa1-4623-b75b-2e190c29cd72	0001e12109--61ff56c4e15bb24f2940ccc2	+	
https://storage.googleapis.com/hand-signatures-toloka/signatures/8__lid_1643943235130_1_JPEG_20220204_082227.jpg.jpg	ru.2e3b87bf-abd6-46b6-864d-c7a85f9e401f			https://toloka.yandex.ru/task/31531273/0001e12109--61ff826f28912e390eb984ea	3c56c469-baa5-411f-8e80-48c1fff7c07d	0001e12109--61ff826f28912e390eb984ea	+	
https://storage.googleapis.com/hand-signatures-toloka/signatures/8__JPEG_20220205_103926.jpg.jpg	ru.c3694091-bc38-4a32-a669-f7029afdac1c			https://toloka.yandex.ru/task/31531273/0001e12109--61ff846482027b6077805e71	81ba1658-969c-480b-a313-acf12cad1805	0001e12109--61ff846482027b6077805e71	+	
https://storage.googleapis.com/hand-signatures-toloka/signatures/8__lid_1644036268360_1_JPEG_20220205_094416.jpg.jpg	ru.649d759c-2866-4f54-8c9e-eefb2b158aff			https://toloka.yandex.ru/task/31531273/0001e12109--61ff85f2fa1ea900a5782443	04df34d2-4da8-4f0b-a8b4-0fd1b0c46f5c	0001e12109--61ff85f2fa1ea900a5782443	+	
https://storage.googleapis.com/hand-signatures-toloka/signatures/8__lid_1643975554739_1_JPEG_20220204_125222.jpg.jpg	ru.6e467f97-9e32-4974-929d-e5471fcc4654			https://toloka.yandex.ru/task/31531273/0001e12109--61ff8617dc8694682ed8abb2	7026cd16-da12-4909-982e-fda139ffda70	0001e12109--61ff8617dc8694682ed8abb2	+	
https://storage.googleapis.com/hand-signatures-toloka/signatures/8__lid_1644031712016_1_JPEG_20220205_102807.jpg.jpg	ru.07ddc343-73d9-432c-82bc-f8e51be198de			https://toloka.yandex.ru/task/31531273/0001e12109--61ff88fb1de61d44a693991b	18be853b-3e14-4d30-bee3-0dd993230e7f	0001e12109--61ff88fb1de61d44a693991b	+	
https://storage.googleapis.com/hand-signatures-toloka/signatures/8__IMG20220205092044.jpg.jpg	ru.2ec99acc-7849-4bad-bd56-5386efb8d54a			https://toloka.yandex.ru/task/31531273/0001e12109--61ff8ccf82027b607780aa4a	29d4b279-03ab-4731-90fd-a48fd9a36cf6	0001e12109--61ff8ccf82027b607780aa4a	+	
https://storage.googleapis.com/hand-signatures-toloka/signatures/8__lid_1644064461929_1_JPEG_20220205_203411.jpg.jpg	ru.cd431bc1-c9ae-4a7e-9b52-15aa9d68de6e			https://toloka.yandex.ru/task/31531273/0001e12109--61ff9170c3d47a101129ec6f	86369372-faa1-4623-b75b-2e190c29cd72	0001e12109--61ff9170c3d47a101129ec6f	+	
https://storage.googleapis.com/hand-signatures-toloka/signatures/8__JPEG_20220205_103926.jpg.jpg	ru.4a6995d7-af2e-4077-aa30-32eb2d9c9935			https://toloka.yandex.ru/task/31531273/0001e12109--61ff91a6fa1ea900a5788a44	81ba1658-969c-480b-a313-acf12cad1805	0001e12109--61ff91a6fa1ea900a5788a44	+	
https://storage.googleapis.com/hand-signatures-toloka/signatures/8__lid_1643943852489_1_JPEG_20220204_000355.jpg.jpg	ru.b44467da-9ac6-465c-9a00-8d7e01b4197e			https://toloka.yandex.ru/task/31531273/0001e12109--61ff924bb9c1857175f9dc57	ec0bb22b-cee2-4f7b-b7d6-5ce96d5c17f1	0001e12109--61ff924bb9c1857175f9dc57	+	
https://storage.googleapis.com/hand-signatures-toloka/signatures/8__lid_1644064461929_1_JPEG_20220205_203411.jpg.jpg	ru.5eba6a27-5fce-47d0-abbe-ff3d48605c4a			https://toloka.yandex.ru/task/31531273/0001e12109--61ff953b9ef7b46242e28234	86369372-faa1-4623-b75b-2e190c29cd72	0001e12109--61ff953b9ef7b46242e28234	+	
https://storage.googleapis.com/hand-signatures-toloka/signatures/8__lid_1643943852489_1_JPEG_20220204_000355.jpg.jpg	ru.efeb0f3d-395d-4be3-805c-0b3997356920			https://toloka.yandex.ru/task/31531273/0001e12109--61ff96d40df993362be586b8	ec0bb22b-cee2-4f7b-b7d6-5ce96d5c17f1	0001e12109--61ff96d40df993362be586b8	+	
https://storage.googleapis.com/hand-signatures-toloka/signatures/8__lid_1644022947188_3_JPEG_20220204_220103.jpg.jpg	ru.acbbc922-a175-4749-bd8e-3282f9986997			https://toloka.yandex.ru/task/31531273/0001e12109--61ff974d252931745fe2f946	c8e1bdf2-4022-42b4-8523-3cc4fea08868	0001e12109--61ff974d252931745fe2f946	+	
https://storage.googleapis.com/hand-signatures-toloka/signatures/8__lid_1644065325159_1_JPEG_20220205_181642.jpg.jpg	ru.0c8c6709-7aa1-4765-8a8a-03f8646879af			https://toloka.yandex.ru/task/31531273/0001e12109--61ff98f0c122c50b340a6712	50469343-1c8a-4a37-b9e8-eef51fb15cbc	0001e12109--61ff98f0c122c50b340a6712	+	
https://storage.googleapis.com/hand-signatures-toloka/signatures/8__lid_1643943159889_1_JPEG_20220204_105031.jpg.jpg	ru.4aa7805d-069b-44a1-ac2a-48c50ee9ece0			https://toloka.yandex.ru/task/31531273/0001e12109--61ff9bb1992e625ddc982315	eecf5a82-50b9-41f8-9512-771b85d95553	0001e12109--61ff9bb1992e625ddc982315	+	
https://storage.googleapis.com/hand-signatures-toloka/signatures/8__lid_1643943235130_1_JPEG_20220204_082227.jpg.jpg	ru.993605d4-a565-40b0-bb05-e436495264c7			https://toloka.yandex.ru/task/31531273/0001e12109--61ff9e39bfae8340245b0978	3c56c469-baa5-411f-8e80-48c1fff7c07d	0001e12109--61ff9e39bfae8340245b0978	+	
https://storage.googleapis.com/hand-signatures-toloka/signatures/8__lid_1644027732954_3_JPEG_20220205_075147.jpg.jpg	ru.2f1a4bcf-1fce-44b9-a4d0-f3398682d9bc			https://toloka.yandex.ru/task/31531273/0001e12109--61ffa00489d7190cb1d75f6e	0f7e7999-9f60-4584-ad98-07b762e4e567	0001e12109--61ffa00489d7190cb1d75f6e	+	
https://storage.googleapis.com/hand-signatures-toloka/signatures/8__JPEG_20220205_122127.jpg.jpg	ru.db78507a-28f2-4c05-8bbb-bc1e0bd1c064			https://toloka.yandex.ru/task/31531273/0001e12109--61ffa0415777875c16b89969	338d9e39-3186-4dd4-a200-632d5c81dec6	0001e12109--61ffa0415777875c16b89969	+	
https://storage.googleapis.com/hand-signatures-toloka/signatures/8__lid_1644036644401_2_JPEG_20220205_115024.jpg.jpg	ru.0fd404d2-a79f-43ce-ba61-255fa5adf802			https://toloka.yandex.ru/task/31531273/0001e12109--61ffa1d7cac5e45f811916d6	1a91b135-131f-4c45-bdd1-507c4cdb02b6	0001e12109--61ffa1d7cac5e45f811916d6	+	
https://storage.googleapis.com/hand-signatures-toloka/signatures/8__lid_1643975554739_1_JPEG_20220204_125222.jpg.jpg	ru.92bb2157-294d-4f6d-bbe9-85bd9c27a529			https://toloka.yandex.ru/task/31531273/0001e12109--61ffa29582027b6077818aa0	7026cd16-da12-4909-982e-fda139ffda70	0001e12109--61ffa29582027b6077818aa0	+	
https://storage.googleapis.com/hand-signatures-toloka/signatures/8__lid_1644029299461_1_JPEG_20220205_094748.jpg.jpg	ru.3b05b641-2b0b-4dfb-9a1d-4810ca4f0250			https://toloka.yandex.ru/task/31531273/0001e12109--61ffa708d58d902423dcfbe2	fdc44b70-453c-4bba-8a76-e1ecccd4819c	0001e12109--61ffa708d58d902423dcfbe2	+	
https://storage.googleapis.com/hand-signatures-toloka/signatures/8__lid_1643975554739_1_JPEG_20220204_125222.jpg.jpg	ru.3ff85748-f7c0-480e-8a7c-be20e3660f7e			https://toloka.yandex.ru/task/31531273/0001e12109--61ffa9da542c3b4307479399	7026cd16-da12-4909-982e-fda139ffda70	0001e12109--61ffa9da542c3b4307479399	+	
https://storage.googleapis.com/hand-signatures-toloka/signatures/8__lid_1644036268360_1_JPEG_20220205_094416.jpg.jpg	ru.9eab5456-a94a-4bc5-a012-55864ce32a2c			https://toloka.yandex.ru/task/31531273/0001e12109--61ffaec2d3ddfc5d499ad13b	04df34d2-4da8-4f0b-a8b4-0fd1b0c46f5c	0001e12109--61ffaec2d3ddfc5d499ad13b	+	
https://storage.googleapis.com/hand-signatures-toloka/signatures/8__lid_1643943235130_1_JPEG_20220204_082227.jpg.jpg	ru.113983a3-417e-4443-b5e3-a33b37c9c74d			https://toloka.yandex.ru/task/31531273/0001e12109--61ffb4039ef7b46242e37222	3c56c469-baa5-411f-8e80-48c1fff7c07d	0001e12109--61ffb4039ef7b46242e37222	+	
https://storage.googleapis.com/hand-signatures-toloka/signatures/8__JPEG_20220205_122127.jpg.jpg	ru.b07171e9-4690-4ff7-9649-52f560e493bb			https://toloka.yandex.ru/task/31531273/0001e12109--61ffb60e029ecf1bf3b82f5c	338d9e39-3186-4dd4-a200-632d5c81dec6	0001e12109--61ffb60e029ecf1bf3b82f5c	+	
https://storage.googleapis.com/hand-signatures-toloka/signatures/8__lid_1643975554739_1_JPEG_20220204_125222.jpg.jpg	ru.f20366a6-b5c3-4ad1-b005-98439d49034f			https://toloka.yandex.ru/task/31531273/0001e12109--61ffb69b1f64b61be97968b1	7026cd16-da12-4909-982e-fda139ffda70	0001e12109--61ffb69b1f64b61be97968b1	+	
https://storage.googleapis.com/hand-signatures-toloka/signatures/8__lid_1643943159889_1_JPEG_20220204_105031.jpg.jpg	ru.659d899a-a162-41ea-b21d-d84dc41d482b			https://toloka.yandex.ru/task/31531273/0001e12109--61ffb7f7bb70d4065ba8f480	eecf5a82-50b9-41f8-9512-771b85d95553	0001e12109--61ffb7f7bb70d4065ba8f480	+	
https://storage.googleapis.com/hand-signatures-toloka/signatures/8__lid_1644036644401_2_JPEG_20220205_115024.jpg.jpg	ru.486e8ac4-e58c-4966-92ae-e1d2fa42bc0d			https://toloka.yandex.ru/task/31531273/0001e12109--61ffb9dbc5d1034744b51ae6	1a91b135-131f-4c45-bdd1-507c4cdb02b6	0001e12109--61ffb9dbc5d1034744b51ae6	+	
https://storage.googleapis.com/hand-signatures-toloka/signatures/8__lid_1643975554739_1_JPEG_20220204_125222.jpg.jpg	ru.7de75f64-ac35-4074-b582-f85a0b9b3569			https://toloka.yandex.ru/task/31531273/0001e12109--61ffbdc5c767ad2b5289f77a	7026cd16-da12-4909-982e-fda139ffda70	0001e12109--61ffbdc5c767ad2b5289f77a	+	
https://storage.googleapis.com/hand-signatures-toloka/signatures/8__lid_1643928930503_1_JPEG_20220204_065441.jpg.jpg	ru.6474194f-5fdd-48dd-bd7d-ee531f74afec			https://toloka.yandex.ru/task/31531273/0001e12109--61ffbe34c5d1034744b53c7d	fb369f73-6525-4492-9d5f-747c93c6f8f2	0001e12109--61ffbe34c5d1034744b53c7d	+	
https://storage.googleapis.com/hand-signatures-toloka/signatures/8__JPEG_20220205_103926.jpg.jpg	ru.4c3335b5-ffa3-4781-8a44-51cc61e2a398			https://toloka.yandex.ru/task/31531273/0001e12109--61ffbe9630815911afdc0bbb	81ba1658-969c-480b-a313-acf12cad1805	0001e12109--61ffbe9630815911afdc0bbb	+	
https://storage.googleapis.com/hand-signatures-toloka/signatures/8__lid_1644031712016_1_JPEG_20220205_102807.jpg.jpg	ru.cdc8cb67-a4e6-4847-a881-ebb33c55e912			https://toloka.yandex.ru/task/31531273/0001e12109--61ffbf386ba4b13c7de2af24	18be853b-3e14-4d30-bee3-0dd993230e7f	0001e12109--61ffbf386ba4b13c7de2af24	+	
https://storage.googleapis.com/hand-signatures-toloka/signatures/8__lid_1644056868832_3_JPEG_20220205_155732.jpg.jpg	ru.c33077bf-22f6-4f2a-8d11-0e3ec83d5841			https://toloka.yandex.ru/task/31531273/0001e12109--61ffbfb09ef7b46242e3cb9f	bef2ec24-4897-403e-8269-df59943f2788	0001e12109--61ffbfb09ef7b46242e3cb9f	+	
https://storage.googleapis.com/hand-signatures-toloka/signatures/8__lid_1644064461929_1_JPEG_20220205_203411.jpg.jpg	ru.4982f24a-6fce-4835-9534-5b4ec8f26a29			https://toloka.yandex.ru/task/31531273/0001e12109--61ffc05b89f991187afea679	86369372-faa1-4623-b75b-2e190c29cd72	0001e12109--61ffc05b89f991187afea679	+	
https://storage.googleapis.com/hand-signatures-toloka/signatures/8__lid_1644065325159_1_JPEG_20220205_181642.jpg.jpg	ru.86eca7b1-c052-473e-8332-1a68bc754e4d			https://toloka.yandex.ru/task/31531273/0001e12109--61ffc24c64759056906846df	50469343-1c8a-4a37-b9e8-eef51fb15cbc	0001e12109--61ffc24c64759056906846df	+	
https://storage.googleapis.com/hand-signatures-toloka/signatures/8__lid_1644064461929_1_JPEG_20220205_203411.jpg.jpg	ru.19747f66-0521-4c04-85c1-f54e57fc4703			https://toloka.yandex.ru/task/31531273/0001e12109--61ffc36ddfa7ee508d0ab00c	86369372-faa1-4623-b75b-2e190c29cd72	0001e12109--61ffc36ddfa7ee508d0ab00c	+	
https://storage.googleapis.com/hand-signatures-toloka/signatures/8__lid_1644036644401_2_JPEG_20220205_115024.jpg.jpg	ru.5b0bcb07-1271-490f-943e-c4e226486329			https://toloka.yandex.ru/task/31531273/0001e12109--61ffc4937d96e92de50d2224	1a91b135-131f-4c45-bdd1-507c4cdb02b6	0001e12109--61ffc4937d96e92de50d2224	+	
https://storage.googleapis.com/hand-signatures-toloka/signatures/8__lid_1643975554739_1_JPEG_20220204_125222.jpg.jpg	ru.2711bc5b-e064-489e-88b4-20076a984a39			https://toloka.yandex.ru/task/31531273/0001e12109--61ffc4cf2db8902a70ab5407	7026cd16-da12-4909-982e-fda139ffda70	0001e12109--61ffc4cf2db8902a70ab5407	+	
https://storage.googleapis.com/hand-signatures-toloka/signatures/8__lid_1644056868832_3_JPEG_20220205_155732.jpg.jpg	ru.88ecd47c-5d8e-472d-9521-9e769c1a8c5c			https://toloka.yandex.ru/task/31531273/0001e12109--61ffc586404d017ba8476355	bef2ec24-4897-403e-8269-df59943f2788	0001e12109--61ffc586404d017ba8476355	+	
https://storage.googleapis.com/hand-signatures-toloka/signatures/8__lid_1643975554739_1_JPEG_20220204_125222.jpg.jpg	ru.9667ba27-aa03-42e2-94a0-5c54afd89105			https://toloka.yandex.ru/task/31531273/0001e12109--61ffc9102db8902a70ab7a60	7026cd16-da12-4909-982e-fda139ffda70	0001e12109--61ffc9102db8902a70ab7a60	+	
https://storage.googleapis.com/hand-signatures-toloka/signatures/8__lid_1643975554739_1_JPEG_20220204_125222.jpg.jpg	ru.8329360c-119f-4db7-a36b-8116f674b460			https://toloka.yandex.ru/task/31531273/0001e12109--61ffc972d58d902423de0180	7026cd16-da12-4909-982e-fda139ffda70	0001e12109--61ffc972d58d902423de0180	+	
https://storage.googleapis.com/hand-signatures-toloka/signatures/8__lid_1643975554739_1_JPEG_20220204_125222.jpg.jpg	ru.26e721df-5c3a-4582-89b3-9ef9b73c04c1			https://toloka.yandex.ru/task/31531273/0001e12109--61ffcd9ac122c50b340c128d	7026cd16-da12-4909-982e-fda139ffda70	0001e12109--61ffcd9ac122c50b340c128d	+	
https://storage.googleapis.com/hand-signatures-toloka/signatures/8__lid_1643943852489_1_JPEG_20220204_000355.jpg.jpg	ru.e5ab4ed7-99b0-4c47-a508-90ec6117dd9c			https://toloka.yandex.ru/task/31531273/0001e12109--61ffcebb42773f78b0ba3522	ec0bb22b-cee2-4f7b-b7d6-5ce96d5c17f1	0001e12109--61ffcebb42773f78b0ba3522	+	
https://storage.googleapis.com/hand-signatures-toloka/signatures/8__lid_1644029299461_1_JPEG_20220205_094748.jpg.jpg	ru.8b8f5cea-badd-4b3a-a1e7-934cf357d50c			https://toloka.yandex.ru/task/31531273/0001e12109--61ffd01e42773f78b0ba3ef1	fdc44b70-453c-4bba-8a76-e1ecccd4819c	0001e12109--61ffd01e42773f78b0ba3ef1	+	
https://storage.googleapis.com/hand-signatures-toloka/signatures/8__lid_1644036268360_1_JPEG_20220205_094416.jpg.jpg	ru.d77c61d9-2bdd-4117-8789-7157b6c51aeb			https://toloka.yandex.ru/task/31531273/0001e12109--61ffd167c3d47a10112bf5d4	04df34d2-4da8-4f0b-a8b4-0fd1b0c46f5c	0001e12109--61ffd167c3d47a10112bf5d4	+	
https://storage.googleapis.com/hand-signatures-toloka/signatures/8__lid_1644064461929_1_JPEG_20220205_203411.jpg.jpg	ru.e8d077ce-e1b4-47cd-b7a7-4c1f04ae559f			https://toloka.yandex.ru/task/31531273/0001e12109--61ffd2b089f22679fd471821	86369372-faa1-4623-b75b-2e190c29cd72	0001e12109--61ffd2b089f22679fd471821	+	
https://storage.googleapis.com/hand-signatures-toloka/signatures/8__lid_1644036268360_1_JPEG_20220205_094416.jpg.jpg	ru.06bfd0d1-0553-4612-8974-b3b440e203ac			https://toloka.yandex.ru/task/31531273/0001e12109--61ffd3fa79642a4e210f001e	04df34d2-4da8-4f0b-a8b4-0fd1b0c46f5c	0001e12109--61ffd3fa79642a4e210f001e	+	
https://storage.googleapis.com/hand-signatures-toloka/signatures/8__lid_1643943852489_1_JPEG_20220204_000355.jpg.jpg	ru.47b2508b-0616-48d7-87ed-01643740d885			https://toloka.yandex.ru/task/31531273/0001e12109--61ffd42cd58d902423de4cef	ec0bb22b-cee2-4f7b-b7d6-5ce96d5c17f1	0001e12109--61ffd42cd58d902423de4cef	+	
https://storage.googleapis.com/hand-signatures-toloka/signatures/8__lid_1643975554739_1_JPEG_20220204_125222.jpg.jpg	ru.ba6b5f72-3a70-4b71-aca3-0e4ee1509cca			https://toloka.yandex.ru/task/31531273/0001e12109--61ffd6471f64b61be97a594e	7026cd16-da12-4909-982e-fda139ffda70	0001e12109--61ffd6471f64b61be97a594e	+	
https://storage.googleapis.com/hand-signatures-toloka/signatures/8__lid_1644065325159_1_JPEG_20220205_181642.jpg.jpg	ru.c0abfb97-ef9a-4fbb-8f42-cfe2de41e75a			https://toloka.yandex.ru/task/31531273/0001e12109--61ffd6f91c94ec6dc6898dd3	50469343-1c8a-4a37-b9e8-eef51fb15cbc	0001e12109--61ffd6f91c94ec6dc6898dd3	+	
https://storage.googleapis.com/hand-signatures-toloka/signatures/8__lid_1643975554739_1_JPEG_20220204_125222.jpg.jpg	ru.acced736-592f-4cff-b117-03ae9326e868			https://toloka.yandex.ru/task/31531273/0001e12109--61ffd778c767ad2b528ae4f3	7026cd16-da12-4909-982e-fda139ffda70	0001e12109--61ffd778c767ad2b528ae4f3	+	
https://storage.googleapis.com/hand-signatures-toloka/signatures/8__lid_1644084752644_2_JPEG_20220205_211013.jpg.jpg	ru.97d6beae-d853-4a4a-bf57-72da70398acd			https://toloka.yandex.ru/task/31531273/0001e12109--61ffd7c3b9c1857175fc68ad	563ad035-ab24-40f9-9c8c-dfb8c030c91b	0001e12109--61ffd7c3b9c1857175fc68ad	+	
https://storage.googleapis.com/hand-signatures-toloka/signatures/8__lid_1643975554739_1_JPEG_20220204_125222.jpg.jpg	ru.46d79f76-6efb-4c81-b921-0fb8c5d364df			https://toloka.yandex.ru/task/31531273/0001e12109--61ffda40b9c1857175fc79d4	7026cd16-da12-4909-982e-fda139ffda70	0001e12109--61ffda40b9c1857175fc79d4	+	
https://storage.googleapis.com/hand-signatures-toloka/signatures/8__lid_1644036644401_2_JPEG_20220205_115024.jpg.jpg	ru.52b9d093-2277-4625-89b1-94e2b52449f7			https://toloka.yandex.ru/task/31531273/0001e12109--61ffdc4b30815911afdce7d6	1a91b135-131f-4c45-bdd1-507c4cdb02b6	0001e12109--61ffdc4b30815911afdce7d6	+	
https://storage.googleapis.com/hand-signatures-toloka/signatures/8__lid_1644022947188_3_JPEG_20220204_220103.jpg.jpg	ru.42dd3997-1291-4ef8-ac05-a69ba102c089			https://toloka.yandex.ru/task/31531273/0001e12109--61ffdf7e30815911afdcfdda	c8e1bdf2-4022-42b4-8523-3cc4fea08868	0001e12109--61ffdf7e30815911afdcfdda	+	
https://storage.googleapis.com/hand-signatures-toloka/signatures/8__lid_1643943235130_1_JPEG_20220204_082227.jpg.jpg	ru.e86b9ff4-15ac-4e93-ac4b-8c2ca4a90403			https://toloka.yandex.ru/task/31531273/0001e12109--61ffe1855ad6013334db24a9	3c56c469-baa5-411f-8e80-48c1fff7c07d	0001e12109--61ffe1855ad6013334db24a9	+	
https://storage.googleapis.com/hand-signatures-toloka/signatures/8__lid_1644036268360_1_JPEG_20220205_094416.jpg.jpg	ru.74d7bb8d-17eb-49f3-b1dd-3cdea02bfaad			https://toloka.yandex.ru/task/31531273/0001e12109--61ffe42f87ae35737fc27202	04df34d2-4da8-4f0b-a8b4-0fd1b0c46f5c	0001e12109--61ffe42f87ae35737fc27202	+	
https://storage.googleapis.com/hand-signatures-toloka/signatures/8__lid_1644056868832_3_JPEG_20220205_155732.jpg.jpg	ru.becce624-4e1e-4e74-ac0b-1ee33d376951			https://toloka.yandex.ru/task/31531273/0001e12109--61ffe475d58d902423dec055	bef2ec24-4897-403e-8269-df59943f2788	0001e12109--61ffe475d58d902423dec055	+	
https://storage.googleapis.com/hand-signatures-toloka/signatures/8__JPEG_20220205_103926.jpg.jpg	ru.56e94af4-d6fa-443f-8d62-a66e2a89553a			https://toloka.yandex.ru/task/31531273/0001e12109--61ffe59338988537974d9408	81ba1658-969c-480b-a313-acf12cad1805	0001e12109--61ffe59338988537974d9408	+	
https://storage.googleapis.com/hand-signatures-toloka/signatures/8__lid_1643943235130_1_JPEG_20220204_082227.jpg.jpg	ru.2617d843-4de4-42df-b592-6d054eb1656c			https://toloka.yandex.ru/task/31531273/0001e12109--61ffe8845777875c16bb0c3e	3c56c469-baa5-411f-8e80-48c1fff7c07d	0001e12109--61ffe8845777875c16bb0c3e	+	
https://storage.googleapis.com/hand-signatures-toloka/signatures/8__lid_1643943235130_1_JPEG_20220204_082227.jpg.jpg	ru.182c2b97-bf6e-4be0-93b3-4301a37382e8			https://toloka.yandex.ru/task/31531273/0001e12109--61ffe8b88b6100786174c877	3c56c469-baa5-411f-8e80-48c1fff7c07d	0001e12109--61ffe8b88b6100786174c877	+	
https://storage.googleapis.com/hand-signatures-toloka/signatures/8__lid_1644056868832_3_JPEG_20220205_155732.jpg.jpg	ru.24bba0cf-83be-45e6-88b6-9af787fde212			https://toloka.yandex.ru/task/31531273/0001e12109--61ffe9c2bb70d4065baa5623	bef2ec24-4897-403e-8269-df59943f2788	0001e12109--61ffe9c2bb70d4065baa5623	+	
https://storage.googleapis.com/hand-signatures-toloka/signatures/8__lid_1644027732954_3_JPEG_20220205_075147.jpg.jpg	ru.7122d0c0-7043-4127-99eb-b908a7e89cbc			https://toloka.yandex.ru/task/31531273/0001e12109--61ffeafceca73377a55eead1	0f7e7999-9f60-4584-ad98-07b762e4e567	0001e12109--61ffeafceca73377a55eead1	+	
https://storage.googleapis.com/hand-signatures-toloka/signatures/8__lid_1644036644401_2_JPEG_20220205_115024.jpg.jpg	ru.9c699d77-2aaf-44de-a5f2-6558d329b822			https://toloka.yandex.ru/task/31531273/0001e12109--61ffeb14c3071b38f1fc6efe	1a91b135-131f-4c45-bdd1-507c4cdb02b6	0001e12109--61ffeb14c3071b38f1fc6efe	+	
https://storage.googleapis.com/hand-signatures-toloka/signatures/8__lid_1644029299461_1_JPEG_20220205_094748.jpg.jpg	ru.882ade51-2904-4464-8adb-e4746ba3cf03			https://toloka.yandex.ru/task/31531273/0001e12109--61ffecbf376abd3976520826	fdc44b70-453c-4bba-8a76-e1ecccd4819c	0001e12109--61ffecbf376abd3976520826	+	
https://storage.googleapis.com/hand-signatures-toloka/signatures/8__lid_1643928930503_1_JPEG_20220204_065441.jpg.jpg	ru.8ae305dc-1311-45d9-b83b-439fc8c9301d			https://toloka.yandex.ru/task/31531273/0001e12109--61ffee11c3d47a10112ccdfe	fb369f73-6525-4492-9d5f-747c93c6f8f2	0001e12109--61ffee11c3d47a10112ccdfe	+	
https://storage.googleapis.com/hand-signatures-toloka/signatures/8__lid_1643928930503_1_JPEG_20220204_065441.jpg.jpg	ru.62b4c727-8cde-43d2-85c6-a8a4a9893328			https://toloka.yandex.ru/task/31531273/0001e12109--61fff53bbb70d4065baaa7c0	fb369f73-6525-4492-9d5f-747c93c6f8f2	0001e12109--61fff53bbb70d4065baaa7c0	+	
https://storage.googleapis.com/hand-signatures-toloka/signatures/8__lid_1643975554739_1_JPEG_20220204_125222.jpg.jpg	ru.00f1ba85-4d44-42fc-9c7d-8a3e83664878			https://toloka.yandex.ru/task/31531273/0001e12109--61fff972542c3b430749c13a	7026cd16-da12-4909-982e-fda139ffda70	0001e12109--61fff972542c3b430749c13a	+	
https://storage.googleapis.com/hand-signatures-toloka/signatures/8__lid_1643943852489_1_JPEG_20220204_000355.jpg.jpg	ru.deca87aa-3f9d-44e0-a51a-11a40708ef16			https://toloka.yandex.ru/task/31531273/0001e12109--61fffc6ac3071b38f1fcef73	ec0bb22b-cee2-4f7b-b7d6-5ce96d5c17f1	0001e12109--61fffc6ac3071b38f1fcef73	+	
https://storage.googleapis.com/hand-signatures-toloka/signatures/8__lid_1644065325159_1_JPEG_20220205_181642.jpg.jpg	ru.708ae38d-4bf1-4023-9fec-21329f27f3a6			https://toloka.yandex.ru/task/31531273/0001e12109--62000009ebdc275725a9b8d5	50469343-1c8a-4a37-b9e8-eef51fb15cbc	0001e12109--62000009ebdc275725a9b8d5	+	
https://storage.googleapis.com/hand-signatures-toloka/signatures/8__JPEG_20220205_103926.jpg.jpg	ru.af51f23e-8c5e-4ac5-b1a8-426d89bf8eda			https://toloka.yandex.ru/task/31531273/0001e12109--6200009430a0c937d51aeaee	81ba1658-969c-480b-a313-acf12cad1805	0001e12109--6200009430a0c937d51aeaee	+	
https://storage.googleapis.com/hand-signatures-toloka/signatures/8__lid_1643975554739_1_JPEG_20220204_125222.jpg.jpg	ru.8cfa8f65-fb5e-4c49-8964-68dea58570c4			https://toloka.yandex.ru/task/31531273/0001e12109--620003ecc5a74c013b937924	7026cd16-da12-4909-982e-fda139ffda70	0001e12109--620003ecc5a74c013b937924	+	
https://storage.googleapis.com/hand-signatures-toloka/signatures/8__lid_1644022947188_3_JPEG_20220204_220103.jpg.jpg	ru.a15434bb-7fd4-4f50-9acd-33f7a2969464			https://toloka.yandex.ru/task/31531273/0001e12109--620004e728912e390ebda7af	c8e1bdf2-4022-42b4-8523-3cc4fea08868	0001e12109--620004e728912e390ebda7af	+	
https://storage.googleapis.com/hand-signatures-toloka/signatures/8__lid_1644056868832_3_JPEG_20220205_155732.jpg.jpg	ru.891bc537-7ba2-4f32-aa0f-b4fd97cd84a0			https://toloka.yandex.ru/task/31531273/0001e12109--62000ad689f991187a011da6	bef2ec24-4897-403e-8269-df59943f2788	0001e12109--62000ad689f991187a011da6	+	
https://storage.googleapis.com/hand-signatures-toloka/signatures/8__lid_1644056868832_3_JPEG_20220205_155732.jpg.jpg	ru.59f33c64-304b-432d-bb62-80d0cb4cbc5d			https://toloka.yandex.ru/task/31531273/0001e12109--62000cb81de61d44a697a1ff	bef2ec24-4897-403e-8269-df59943f2788	0001e12109--62000cb81de61d44a697a1ff	+	
https://storage.googleapis.com/hand-signatures-toloka/signatures/8__JPEG_20220205_122127.jpg.jpg	ru.e2884316-0905-48d7-bf56-edf8e76bf9dc			https://toloka.yandex.ru/task/31531273/0001e12109--62000f4d6e0afe0583c1830a	338d9e39-3186-4dd4-a200-632d5c81dec6	0001e12109--62000f4d6e0afe0583c1830a	+	
https://storage.googleapis.com/hand-signatures-toloka/signatures/8__JPEG_20220205_103926.jpg.jpg	ru.4d6d4d70-92eb-451f-b05f-b28602724322			https://toloka.yandex.ru/task/31531273/0001e12109--62001147c3d47a10112dd625	81ba1658-969c-480b-a313-acf12cad1805	0001e12109--62001147c3d47a10112dd625	+	
https://storage.googleapis.com/hand-signatures-toloka/signatures/8__lid_1643975554739_1_JPEG_20220204_125222.jpg.jpg	ru.f9b69cd7-af46-4e2a-9cbd-901577709b54			https://toloka.yandex.ru/task/31531273/0001e12109--6200168e4f7fe9518fb294ac	7026cd16-da12-4909-982e-fda139ffda70	0001e12109--6200168e4f7fe9518fb294ac	+	
https://storage.googleapis.com/hand-signatures-toloka/signatures/8__lid_1643943852489_1_JPEG_20220204_000355.jpg.jpg	ru.8d937dda-f973-4eb6-82ff-5d6dd590ecc1			https://toloka.yandex.ru/task/31531273/0001e12109--620017c3480fdb5547642c3f	ec0bb22b-cee2-4f7b-b7d6-5ce96d5c17f1	0001e12109--620017c3480fdb5547642c3f	+	
https://storage.googleapis.com/hand-signatures-toloka/signatures/8__lid_1643975554739_1_JPEG_20220204_125222.jpg.jpg	ru.617d8f94-c9f6-43d1-a56f-bbbb2db935a4			https://toloka.yandex.ru/task/31531273/0001e12109--62001842bb70d4065bab9887	7026cd16-da12-4909-982e-fda139ffda70	0001e12109--62001842bb70d4065bab9887	+	
https://storage.googleapis.com/hand-signatures-toloka/signatures/8__lid_1643943852489_1_JPEG_20220204_000355.jpg.jpg	ru.f7e29d5c-754f-4e9d-9f63-275edd9590e2			https://toloka.yandex.ru/task/31531273/0001e12109--62001bfe992e625ddc9df32b	ec0bb22b-cee2-4f7b-b7d6-5ce96d5c17f1	0001e12109--62001bfe992e625ddc9df32b	+	
https://storage.googleapis.com/hand-signatures-toloka/signatures/8__lid_1644036644401_2_JPEG_20220205_115024.jpg.jpg	ru.7a25042c-6267-42c5-b332-3f4cae9a8fe1			https://toloka.yandex.ru/task/31531273/0001e12109--62001d68eca73377a560771e	1a91b135-131f-4c45-bdd1-507c4cdb02b6	0001e12109--62001d68eca73377a560771e	+	
https://storage.googleapis.com/hand-signatures-toloka/signatures/8__lid_1643975554739_1_JPEG_20220204_125222.jpg.jpg	ru.40746f50-8171-4f7f-8e11-39c21d199aae			https://toloka.yandex.ru/task/31531273/0001e12109--62001df8f73c4b173c38c6ee	7026cd16-da12-4909-982e-fda139ffda70	0001e12109--62001df8f73c4b173c38c6ee	+	
https://storage.googleapis.com/hand-signatures-toloka/signatures/8__lid_1644060977503_1_JPEG_20220205_143602.jpg.jpg	ru.eeb89197-f72a-4e9a-954c-e0ec3e108e39			https://toloka.yandex.ru/task/31531273/0001e12109--62001ec4fa1ea900a57d01af	cf088de4-b716-4cfc-81f3-3a39f4c447c3	0001e12109--62001ec4fa1ea900a57d01af	+	
https://storage.googleapis.com/hand-signatures-toloka/signatures/8__lid_1643943235130_1_JPEG_20220204_082227.jpg.jpg	ru.b3149dad-b1e6-4d85-9ec6-c63a5004f43d			https://toloka.yandex.ru/task/31531273/0001e12109--620037df5ca55d0d8b6691e4	3c56c469-baa5-411f-8e80-48c1fff7c07d	0001e12109--620037df5ca55d0d8b6691e4	+	
https://storage.googleapis.com/hand-signatures-toloka/signatures/8__lid_1643943235130_1_JPEG_20220204_082227.jpg.jpg	ru.a152931b-68b7-4a30-b6e3-3e09978b53a6			https://toloka.yandex.ru/task/31531273/0001e12109--620041ba30815911afdf67d0	3c56c469-baa5-411f-8e80-48c1fff7c07d	0001e12109--620041ba30815911afdf67d0	+	
https://storage.googleapis.com/hand-signatures-toloka/signatures/8__lid_1643943159889_1_JPEG_20220204_105031.jpg.jpg	ru.59f4ba39-3202-478c-9566-ddc60d8968d3			https://toloka.yandex.ru/task/31531273/0001e12109--62004441376abd397653f991	eecf5a82-50b9-41f8-9512-771b85d95553	0001e12109--62004441376abd397653f991	+	
https://storage.googleapis.com/hand-signatures-toloka/signatures/8__lid_1643943235130_1_JPEG_20220204_082227.jpg.jpg	ru.69aba0ad-6d73-4715-bfb8-271055595805			https://toloka.yandex.ru/task/31531273/0001e12109--62005899c767ad2b528df331	3c56c469-baa5-411f-8e80-48c1fff7c07d	0001e12109--62005899c767ad2b528df331	+	
https://storage.googleapis.com/hand-signatures-toloka/signatures/8__lid_1644036644401_2_JPEG_20220205_115024.jpg.jpg	ru.03828f73-756a-4062-a354-7c60c949d13a			https://toloka.yandex.ru/task/31531273/0001e12109--62005c3bef53484db670000b	1a91b135-131f-4c45-bdd1-507c4cdb02b6	0001e12109--62005c3bef53484db670000b	+	
https://storage.googleapis.com/hand-signatures-toloka/signatures/8__lid_1644056868832_3_JPEG_20220205_155732.jpg.jpg	ru.3baaa886-af0a-4597-b5a5-99d8c77ff6a5			https://toloka.yandex.ru/task/31531273/0001e12109--62005d9438988537975050e3	bef2ec24-4897-403e-8269-df59943f2788	0001e12109--62005d9438988537975050e3	+	
https://storage.googleapis.com/hand-signatures-toloka/signatures/8__lid_1644027732954_3_JPEG_20220205_075147.jpg.jpg	ru.aa3479e2-6b1b-4923-968a-708263f4d22e			https://toloka.yandex.ru/task/31531273/0001e12109--6200615ac8459e7293e35f47	0f7e7999-9f60-4584-ad98-07b762e4e567	0001e12109--6200615ac8459e7293e35f47	+	
https://storage.googleapis.com/hand-signatures-toloka/signatures/8__lid_1644027732954_3_JPEG_20220205_075147.jpg.jpg	ru.d75d27ea-1d4e-4d1d-ba8c-0e005fd7c223			https://toloka.yandex.ru/task/31531273/0001e12109--62006299853b8a6f6a275fa0	0f7e7999-9f60-4584-ad98-07b762e4e567	0001e12109--62006299853b8a6f6a275fa0	+	
https://storage.googleapis.com/hand-signatures-toloka/signatures/8__lid_1643943159889_1_JPEG_20220204_105031.jpg.jpg	ru.fd70ae57-5dec-4e0e-8c64-2cffd4b36610			https://toloka.yandex.ru/task/31531273/0001e12109--620075028b6100786177852f	eecf5a82-50b9-41f8-9512-771b85d95553	0001e12109--620075028b6100786177852f	+	
https://storage.googleapis.com/hand-signatures-toloka/signatures/8__lid_1644027732954_3_JPEG_20220205_075147.jpg.jpg	ru.dd3ddada-e407-4a79-8bca-9308403cf258			https://toloka.yandex.ru/task/31531273/0001e12109--62007c792932f70fa416f65e	0f7e7999-9f60-4584-ad98-07b762e4e567	0001e12109--62007c792932f70fa416f65e	+	
https://storage.googleapis.com/hand-signatures-toloka/signatures/8__lid_1643928930503_1_JPEG_20220204_065441.jpg.jpg	ru.dd948019-ef6b-4c7f-9161-5ebabba1027c			https://toloka.yandex.ru/task/31531273/0001e12109--62007e49029ecf1bf3bd7eed	fb369f73-6525-4492-9d5f-747c93c6f8f2	0001e12109--62007e49029ecf1bf3bd7eed	+	
https://storage.googleapis.com/hand-signatures-toloka/signatures/8__JPEG_20220205_103926.jpg.jpg	ru.130b7dd0-c95c-4154-9281-2cf1f7ab2c0b			https://toloka.yandex.ru/task/31531273/0001e12109--620081d4c5d1034744b9305e	81ba1658-969c-480b-a313-acf12cad1805	0001e12109--620081d4c5d1034744b9305e	+	
https://storage.googleapis.com/hand-signatures-toloka/signatures/8__lid_1643943235130_1_JPEG_20220204_082227.jpg.jpg	ru.7f838aa9-e3d2-48b9-b9d9-42e381ffe9d0			https://toloka.yandex.ru/task/31531273/0001e12109--620085c62db8902a70afb0e7	3c56c469-baa5-411f-8e80-48c1fff7c07d	0001e12109--620085c62db8902a70afb0e7	+	
https://storage.googleapis.com/hand-signatures-toloka/signatures/8__lid_1644036644401_2_JPEG_20220205_115024.jpg.jpg	ru.aca7236c-86ed-4b85-8d7a-23d2764ea98c			https://toloka.yandex.ru/task/31531273/0001e12109--6200932d1c94ec6dc68da89a	1a91b135-131f-4c45-bdd1-507c4cdb02b6	0001e12109--6200932d1c94ec6dc68da89a	+	
https://storage.googleapis.com/hand-signatures-toloka/signatures/8__lid_1643943852489_1_JPEG_20220204_000355.jpg.jpg	ru.4ffecb8b-c33d-43ea-b73b-121e3874c3a1			https://toloka.yandex.ru/task/31531273/0001e12109--620099cd8b6100786178184b	ec0bb22b-cee2-4f7b-b7d6-5ce96d5c17f1	0001e12109--620099cd8b6100786178184b	+	
https://storage.googleapis.com/hand-signatures-toloka/signatures/8__lid_1644064461929_1_JPEG_20220205_203411.jpg.jpg	ru.2813f08b-0826-428f-a8e9-f6cf9dfb97cd			https://toloka.yandex.ru/task/31531273/0001e12109--62009f6be15bb24f2948c226	86369372-faa1-4623-b75b-2e190c29cd72	0001e12109--62009f6be15bb24f2948c226	+	
https://storage.googleapis.com/hand-signatures-toloka/signatures/8__lid_1643943852489_1_JPEG_20220204_000355.jpg.jpg	ru.da878152-4cf5-41aa-a857-0fe142770fe1			https://toloka.yandex.ru/task/31531273/0001e12109--6200a22cc3d47a10112fe973	ec0bb22b-cee2-4f7b-b7d6-5ce96d5c17f1	0001e12109--6200a22cc3d47a10112fe973	+	
https://storage.googleapis.com/hand-signatures-toloka/signatures/8__lid_1644022947188_3_JPEG_20220204_220103.jpg.jpg	ru.be48a8b5-2221-4aff-bc0f-62b788d8cb87			https://toloka.yandex.ru/task/31531273/0001e12109--6200a51f64759056906cade5	c8e1bdf2-4022-42b4-8523-3cc4fea08868	0001e12109--6200a51f64759056906cade5	+	
https://storage.googleapis.com/hand-signatures-toloka/signatures/8__lid_1643928930503_1_JPEG_20220204_065441.jpg.jpg	ru.16e4d148-29e8-461d-87d9-b308a15eb89f			https://toloka.yandex.ru/task/31531273/0001e12109--6200a67a82027b607787d501	fb369f73-6525-4492-9d5f-747c93c6f8f2	0001e12109--6200a67a82027b607787d501	+	
https://storage.googleapis.com/hand-signatures-toloka/signatures/8__lid_1644114660088_1_JPEG_20220206_073047.jpg.jpg	ru.aab500e0-b617-4498-bcd3-d0a8833d0f8a			https://toloka.yandex.ru/task/31531273/0001e12109--6200b0011f64b61be97e5f3a	0ab7915d-2721-4ec6-a6f2-92ee258b14b4	0001e12109--6200b0011f64b61be97e5f3a	+	
https://storage.googleapis.com/hand-signatures-toloka/signatures/8__JPEG_20220205_103926.jpg.jpg	ru.90e69b5e-cd9e-46fa-84ba-3061ac65de29			https://toloka.yandex.ru/task/31531273/0001e12109--6200b5102db8902a70b098c5	81ba1658-969c-480b-a313-acf12cad1805	0001e12109--6200b5102db8902a70b098c5	+	
https://storage.googleapis.com/hand-signatures-toloka/signatures/8__lid_1644065325159_1_JPEG_20220205_181642.jpg.jpg	ru.71d59b4b-5d0b-4914-8f49-ec2a4b19d597			https://toloka.yandex.ru/task/31531273/0001e12109--6200b632c3d47a1011306363	50469343-1c8a-4a37-b9e8-eef51fb15cbc	0001e12109--6200b632c3d47a1011306363	+	
https://storage.googleapis.com/hand-signatures-toloka/signatures/8__lid_1643943235130_1_JPEG_20220204_082227.jpg.jpg	ru.00f29961-b9bd-45b0-8fed-604f2ba1c11c			https://toloka.yandex.ru/task/31531273/0001e12109--6200b7fd89f22679fd4b6192	3c56c469-baa5-411f-8e80-48c1fff7c07d	0001e12109--6200b7fd89f22679fd4b6192	+	
https://storage.googleapis.com/hand-signatures-toloka/signatures/8__IMG20220205092044.jpg.jpg	ru.620168bd-dc95-44f1-9979-cd6acf46501b			https://toloka.yandex.ru/task/31531273/0001e12109--6200ba8639c46c1487b1adf6	29d4b279-03ab-4731-90fd-a48fd9a36cf6	0001e12109--6200ba8639c46c1487b1adf6	+	
https://storage.googleapis.com/hand-signatures-toloka/signatures/8__lid_1644114660088_1_JPEG_20220206_073047.jpg.jpg	ru.6cef89f6-32dd-4375-869d-5b1ad75c968b			https://toloka.yandex.ru/task/31531273/0001e12109--6200bd08480fdb554766faf1	0ab7915d-2721-4ec6-a6f2-92ee258b14b4	0001e12109--6200bd08480fdb554766faf1	+	
https://storage.googleapis.com/hand-signatures-toloka/signatures/8__lid_1644036268360_1_JPEG_20220205_094416.jpg.jpg	ru.224384a2-2e2f-4129-b4ce-77090f85aa0b			https://toloka.yandex.ru/task/31531273/0001e12109--6200be92542c3b43074ce672	04df34d2-4da8-4f0b-a8b4-0fd1b0c46f5c	0001e12109--6200be92542c3b43074ce672	+	
https://storage.googleapis.com/hand-signatures-toloka/signatures/8__JPEG_20220205_103926.jpg.jpg	ru.84ac6a36-ec12-475b-aeb8-fc8cb41a705d			https://toloka.yandex.ru/task/31531273/0001e12109--6200c01cc3d47a101130b27a	81ba1658-969c-480b-a313-acf12cad1805	0001e12109--6200c01cc3d47a101130b27a	+	
https://storage.googleapis.com/hand-signatures-toloka/signatures/8__lid_1644127288567_1_JPEG_20220206_120050.jpg.jpg	ru.b8828c06-d13f-4793-bc81-18a0c5673094			https://toloka.yandex.ru/task/31531273/0001e12109--6200c0f8c3071b38f10009d6	f23b9127-6925-4537-aa86-ea187a67f2bf	0001e12109--6200c0f8c3071b38f10009d6	+	
https://storage.googleapis.com/hand-signatures-toloka/signatures/8__lid_1644037007409_1_JPEG_20220205_105628.jpg.jpg	ru.baff8065-e7bf-4734-b901-14a30ce29adf			https://toloka.yandex.ru/task/31531273/0001e12109--6200c1b6404d017ba84c7e4d	9ddd6759-1cb8-41f3-a89b-edca0a718d4f	0001e12109--6200c1b6404d017ba84c7e4d	+	
https://storage.googleapis.com/hand-signatures-toloka/signatures/8__lid_1643943235130_1_JPEG_20220204_082227.jpg.jpg	ru.6de8cba0-895e-4736-910d-75c81881ac67			https://toloka.yandex.ru/task/31531273/0001e12109--6200c615029ecf1bf3bf3e38	3c56c469-baa5-411f-8e80-48c1fff7c07d	0001e12109--6200c615029ecf1bf3bf3e38	+	
https://storage.googleapis.com/hand-signatures-toloka/signatures/8__lid_1644036268360_1_JPEG_20220205_094416.jpg.jpg	ru.37966d5c-f418-436a-ab84-156e31bebfae			https://toloka.yandex.ru/task/31531273/0001e12109--6200c628c122c50b34115edb	04df34d2-4da8-4f0b-a8b4-0fd1b0c46f5c	0001e12109--6200c628c122c50b34115edb	+	
https://storage.googleapis.com/hand-signatures-toloka/signatures/8__lid_1644036644401_2_JPEG_20220205_115024.jpg.jpg	ru.bb0f18dd-f135-4244-8b5d-5ff264e7b7dd			https://toloka.yandex.ru/task/31531273/0001e12109--6200c7db7d96e92de51366fe	1a91b135-131f-4c45-bdd1-507c4cdb02b6	0001e12109--6200c7db7d96e92de51366fe	+	
https://storage.googleapis.com/hand-signatures-toloka/signatures/8__lid_1643975554739_1_JPEG_20220204_125222.jpg.jpg	ru.053a86ca-1807-4ba4-a7d9-b118fce02bde			https://toloka.yandex.ru/task/31531273/0001e12109--6200c862404d017ba84cbd7c	7026cd16-da12-4909-982e-fda139ffda70	0001e12109--6200c862404d017ba84cbd7c	+	
https://storage.googleapis.com/hand-signatures-toloka/signatures/8__lid_1644029299461_1_JPEG_20220205_094748.jpg.jpg	ru.f43f3336-8454-438c-ad17-3445008fb532			https://toloka.yandex.ru/task/31531273/0001e12109--6200c899eca73377a5632697	fdc44b70-453c-4bba-8a76-e1ecccd4819c	0001e12109--6200c899eca73377a5632697	+	
https://storage.googleapis.com/hand-signatures-toloka/signatures/8__lid_1644056868832_3_JPEG_20220205_155732.jpg.jpg	ru.6b4c9afc-85d3-458a-b4ae-fcf6e9f38636			https://toloka.yandex.ru/task/31531273/0001e12109--6200ca65c122c50b341187c4	bef2ec24-4897-403e-8269-df59943f2788	0001e12109--6200ca65c122c50b341187c4	+	
https://storage.googleapis.com/hand-signatures-toloka/signatures/8__lid_1643943852489_1_JPEG_20220204_000355.jpg.jpg	ru.cfddc38a-474e-4c45-909b-0b78043ee8a9			https://toloka.yandex.ru/task/31531273/0001e12109--6200cb66029ecf1bf3bf8037	ec0bb22b-cee2-4f7b-b7d6-5ce96d5c17f1	0001e12109--6200cb66029ecf1bf3bf8037	+	
https://storage.googleapis.com/hand-signatures-toloka/signatures/8__lid_1643943159889_1_JPEG_20220204_105031.jpg.jpg	ru.57a6ca6e-6829-4bc4-b639-64145b7b913c			https://toloka.yandex.ru/task/31531273/0001e12109--6200cbac992e625ddca2816c	eecf5a82-50b9-41f8-9512-771b85d95553	0001e12109--6200cbac992e625ddca2816c	+	
https://storage.googleapis.com/hand-signatures-toloka/signatures/8__lid_1643943159889_1_JPEG_20220204_105031.jpg.jpg	ru.4ed15bf1-134b-47ec-a883-82d096661b0e			https://toloka.yandex.ru/task/31531273/0001e12109--6200cde4dc8694682ee1a4f0	eecf5a82-50b9-41f8-9512-771b85d95553	0001e12109--6200cde4dc8694682ee1a4f0	+	
https://storage.googleapis.com/hand-signatures-toloka/signatures/8__lid_1644065325159_1_JPEG_20220205_181642.jpg.jpg	ru.c7fef935-9dd3-4450-9ed5-216ccf221d27			https://toloka.yandex.ru/task/31531273/0001e12109--6200ce08c122c50b3411ad04	50469343-1c8a-4a37-b9e8-eef51fb15cbc	0001e12109--6200ce08c122c50b3411ad04	+	
https://storage.googleapis.com/hand-signatures-toloka/signatures/8__lid_1644056868832_3_JPEG_20220205_155732.jpg.jpg	ru.56f7162b-09c7-4dcf-85e9-5b1f865e23c0			https://toloka.yandex.ru/task/31531273/0001e12109--6200d21e4f7fe9518fb58ce1	bef2ec24-4897-403e-8269-df59943f2788	0001e12109--6200d21e4f7fe9518fb58ce1	+	
https://storage.googleapis.com/hand-signatures-toloka/signatures/8__lid_1644060977503_1_JPEG_20220205_143602.jpg.jpg	ru.0681974e-e21f-42cb-9752-b45821594ef3			https://toloka.yandex.ru/task/31531273/0001e12109--6200d4b7298c441ae75d6e02	cf088de4-b716-4cfc-81f3-3a39f4c447c3	0001e12109--6200d4b7298c441ae75d6e02	+	
https://storage.googleapis.com/hand-signatures-toloka/signatures/8__JPEG_20220205_103926.jpg.jpg	ru.b6987ef6-b1d9-4c76-b22d-ca58fe67f3de			https://toloka.yandex.ru/task/31531273/0001e12109--6200d5c27d96e92de5140f4f	81ba1658-969c-480b-a313-acf12cad1805	0001e12109--6200d5c27d96e92de5140f4f	+	
https://storage.googleapis.com/hand-signatures-toloka/signatures/8__lid_1643943159889_1_JPEG_20220204_105031.jpg.jpg	ru.de77b867-1623-4d12-882b-5092a2a74dc9			https://toloka.yandex.ru/task/31531273/0001e12109--6200d98887ae35737fc8e5d2	eecf5a82-50b9-41f8-9512-771b85d95553	0001e12109--6200d98887ae35737fc8e5d2	+	
https://storage.googleapis.com/hand-signatures-toloka/signatures/8__lid_1644065325159_1_JPEG_20220205_181642.jpg.jpg	ru.fd7031d2-6039-4f65-a508-07fa05d70a63			https://toloka.yandex.ru/task/31531273/0001e12109--6200dc971f64b61be97ff79f	50469343-1c8a-4a37-b9e8-eef51fb15cbc	0001e12109--6200dc971f64b61be97ff79f	+	"Photo should be a highest possible quality. 
                      No background. Please take a photo of the area with signatures only!
                      Please take a look at an example here https://drive.google.com/uc?id=1pCz41yP_deXeuUnro5KzWw6Y6xY73uFm"
https://storage.googleapis.com/hand-signatures-toloka/signatures/8__lid_1643943159889_1_JPEG_20220204_105031.jpg.jpg	ru.1b250cf6-9d55-4daa-9f86-7f3be11bc146			https://toloka.yandex.ru/task/31531273/0001e12109--6200dcbbc8459e7293e5c4f8	eecf5a82-50b9-41f8-9512-771b85d95553	0001e12109--6200dcbbc8459e7293e5c4f8	+	
https://storage.googleapis.com/hand-signatures-toloka/signatures/8__lid_1644060977503_1_JPEG_20220205_143602.jpg.jpg	ru.46e2082e-c838-4812-8be2-73ffe589ab57			https://toloka.yandex.ru/task/31531273/0001e12109--6200dccabfae83402462ad63	cf088de4-b716-4cfc-81f3-3a39f4c447c3	0001e12109--6200dccabfae83402462ad63	+	
https://storage.googleapis.com/hand-signatures-toloka/signatures/8__IMG20220205092044.jpg.jpg	ru.2f1af7e5-6677-48fb-9b23-ecd60c7ca302			https://toloka.yandex.ru/task/31531273/0001e12109--6200dd860df993362becf81b	29d4b279-03ab-4731-90fd-a48fd9a36cf6	0001e12109--6200dd860df993362becf81b	+	"Photo should be a highest possible quality. 
                      No background. Please take a photo of the area with signatures only!
                      Please take a look at an example here https://drive.google.com/uc?id=1pCz41yP_deXeuUnro5KzWw6Y6xY73uFm"
https://storage.googleapis.com/hand-signatures-toloka/signatures/8__lid_1643928930503_1_JPEG_20220204_065441.jpg.jpg	ru.5738fb9b-cb8b-45ba-8d1b-02edc9db375e			https://toloka.yandex.ru/task/31531273/0001e12109--6200ddd04f7fe9518fb629c2	fb369f73-6525-4492-9d5f-747c93c6f8f2	0001e12109--6200ddd04f7fe9518fb629c2	+	
https://storage.googleapis.com/hand-signatures-toloka/signatures/8__lid_1644065325159_1_JPEG_20220205_181642.jpg.jpg	ru.16ea6156-726d-480b-b6d1-5a7e83f026be			https://toloka.yandex.ru/task/31531273/0001e12109--6200df81c5d1034744bb8c30	50469343-1c8a-4a37-b9e8-eef51fb15cbc	0001e12109--6200df81c5d1034744bb8c30	+	
https://storage.googleapis.com/hand-signatures-toloka/signatures/8__lid_1644036268360_1_JPEG_20220205_094416.jpg.jpg	ru.ee861409-b3a5-4928-9620-354a87bdef10			https://toloka.yandex.ru/task/31531273/0001e12109--6200e075d46b21329764c88e	04df34d2-4da8-4f0b-a8b4-0fd1b0c46f5c	0001e12109--6200e075d46b21329764c88e	+	
https://storage.googleapis.com/hand-signatures-toloka/signatures/8__lid_1644056868832_3_JPEG_20220205_155732.jpg.jpg	ru.2ce3bf75-c6dc-41fe-8bd2-6d5116adce8a			https://toloka.yandex.ru/task/31531273/0001e12109--6200e3a664759056906eebd4	bef2ec24-4897-403e-8269-df59943f2788	0001e12109--6200e3a664759056906eebd4	+	
https://storage.googleapis.com/hand-signatures-toloka/signatures/8__lid_1644065325159_1_JPEG_20220205_181642.jpg.jpg	ru.c5b46909-4290-4433-ba08-a8e90a3636fa			https://toloka.yandex.ru/task/31531273/0001e12109--6200ea22c5a74c013b981c87	50469343-1c8a-4a37-b9e8-eef51fb15cbc	0001e12109--6200ea22c5a74c013b981c87		
https://storage.googleapis.com/hand-signatures-toloka/signatures/8__lid_1644022947188_3_JPEG_20220204_220103.jpg.jpg	ru.5912a3b9-80ae-4d6c-9594-1402992d7ebd			https://toloka.yandex.ru/task/31531273/0001e12109--6200eafe1c94ec6dc691169e	c8e1bdf2-4022-42b4-8523-3cc4fea08868	0001e12109--6200eafe1c94ec6dc691169e		
https://storage.googleapis.com/hand-signatures-toloka/signatures/8__lid_1644037007409_1_JPEG_20220205_105628.jpg.jpg	ru.4505275f-c71a-4df0-9e1f-91ae2a48c633			https://toloka.yandex.ru/task/31531273/0001e12109--6200f15d79642a4e21152c61	9ddd6759-1cb8-41f3-a89b-edca0a718d4f	0001e12109--6200f15d79642a4e21152c61		
https://storage.googleapis.com/hand-signatures-toloka/signatures/8__lid_1643975554739_1_JPEG_20220204_125222.jpg.jpg	ru.b993598b-5a39-432c-b389-c62a9a4410ed			https://toloka.yandex.ru/task/31531273/0001e12109--6200f69a992e625ddca53641	7026cd16-da12-4909-982e-fda139ffda70	0001e12109--6200f69a992e625ddca53641		
